{"type": "FeatureCollection", "features": [{"type": "Feature", "properties": {"name": "1st Long Walk", "source": "1st_Long_Walk.gpx", "points": 563}, "geometry": {"type": "LineString", "coordinates": [[-87.64256, 41.88137], [-87.64238, 41.88138], [-87.64227, 41.88149], [-87.64202, 41.8815], [-87.64201, 41.88157], [-87.64207, 41.88158], [-87.64197, 41.88162], [-87.64195, 41.88171], [-87.64185, 41.88176], [-87.64133, 41.88178], [-87.64129, 41.88163], [-87.64127, 41.88162], [-87.64106, 41.8817], [-87.64092, 41.88172], [-87.64009, 41.88174], [-87.64007, 41.8817], [-87.64, 41.88169], [-87.6398, 41.88171], [-87.63967, 41.88179], [-87.63957, 41.88181], [-87.63872, 41.88179], [-87.6386, 41.88177], [-87.63856, 41.88169], [-87.6386, 41.88157], [-87.63861, 41.88135], [-87.63863, 41.88134], [-87.6386, 41.88126], [-87.63862, 41.88118], [-87.63859, 41.88104], [-87.63865, 41.8809], [-87.63864, 41.8807], [-87.63865, 41.88066], [-87.63884, 41.88061], [-87.63885, 41.88064], [-87.63886, 41.88061], [-87.63881, 41.88056], [-87.63783, 41.88052], [-87.63788, 41.88006], [-87.63774, 41.87956], [-87.63771, 41.87955], [-87.63772, 41.87947], [-87.63766, 41.87947], [-87.63759, 41.87939], [-87.63742, 41.87936], [-87.63702, 41.87937], [-87.63696, 41.87929], [-87.63705, 41.87894], [-87.63706, 41.87872], [-87.637, 41.87817], [-87.63678, 41.87812], [-87.63673, 41.87815], [-87.63598, 41.87814], [-87.63572, 41.87818], [-87.63531, 41.87817], [-87.63527, 41.87819], [-87.63531, 41.8782], [-87.63515, 41.87824], [-87.63502, 41.87815], [-87.63469, 41.87816], [-87.63449, 41.87812], [-87.63373, 41.87816], [-87.63359, 41.87819], [-87.63353, 41.87837], [-87.63352, 41.87859], [-87.63341, 41.87875], [-87.63318, 41.87868], [-87.63304, 41.87848], [-87.63288, 41.87844], [-87.6329, 41.87828], [-87.63275, 41.87779], [-87.6328, 41.87768], [-87.63281, 41.87736], [-87.63279, 41.87714], [-87.63275, 41.87709], [-87.6326, 41.87707], [-87.63207, 41.87717], [-87.63172, 41.87707], [-87.63143, 41.87691], [-87.63113, 41.87691], [-87.63106, 41.87697], [-87.63085, 41.87696], [-87.63089, 41.87625], [-87.63085, 41.87598], [-87.63088, 41.87586], [-87.63086, 41.87578], [-87.63076, 41.87571], [-87.63044, 41.87576], [-87.62921, 41.8758], [-87.62839, 41.8758], [-87.62834, 41.87576], [-87.62796, 41.87582], [-87.62774, 41.87574], [-87.62774, 41.8756], [-87.62769, 41.87551], [-87.62777, 41.87537], [-87.62774, 41.87493], [-87.62775, 41.87467], [-87.62778, 41.87461], [-87.62771, 41.87441], [-87.62774, 41.87435], [-87.62773, 41.87414], [-87.62778, 41.8738], [-87.62772, 41.87352], [-87.6277, 41.87233], [-87.62775, 41.87226], [-87.62775, 41.87229], [-87.62764, 41.87227], [-87.62772, 41.8721], [-87.62755, 41.87178], [-87.62755, 41.87152], [-87.62751, 41.87136], [-87.62762, 41.87083], [-87.62766, 41.8708], [-87.62767, 41.87059], [-87.62759, 41.87046], [-87.62765, 41.87035], [-87.62764, 41.87], [-87.62762, 41.86992], [-87.62765, 41.86973], [-87.6276, 41.86961], [-87.62757, 41.86932], [-87.62761, 41.86933], [-87.6276, 41.86915], [-87.62764, 41.86917], [-87.62765, 41.86892], [-87.62761, 41.8688], [-87.62764, 41.86854], [-87.6276, 41.86844], [-87.62765, 41.86837], [-87.62761, 41.86807], [-87.62762, 41.86775], [-87.62757, 41.86755], [-87.6276, 41.86743], [-87.62755, 41.86724], [-87.62761, 41.86664], [-87.62757, 41.86653], [-87.62756, 41.86613], [-87.62757, 41.86605], [-87.62762, 41.86602], [-87.62758, 41.86562], [-87.62755, 41.86558], [-87.62755, 41.86494], [-87.62758, 41.86491], [-87.62754, 41.86485], [-87.62756, 41.86403], [-87.62755, 41.86377], [-87.6275, 41.86371], [-87.62753, 41.86358], [-87.62751, 41.86353], [-87.62745, 41.86353], [-87.62744, 41.8634], [-87.62749, 41.86333], [-87.62746, 41.86322], [-87.62752, 41.86291], [-87.62748, 41.86194], [-87.62754, 41.86191], [-87.62758, 41.86179], [-87.62751, 41.86169], [-87.6275, 41.86161], [-87.62747, 41.86128], [-87.62749, 41.86122], [-87.62743, 41.86099], [-87.62743, 41.86066], [-87.6274, 41.86058], [-87.62744, 41.86025], [-87.62742, 41.86017], [-87.62743, 41.86021], [-87.6274, 41.86017], [-87.62742, 41.86009], [-87.62763, 41.86009], [-87.62747, 41.86008], [-87.62742, 41.85963], [-87.62742, 41.85918], [-87.6274, 41.85902], [-87.62743, 41.85893], [-87.62743, 41.8583], [-87.62738, 41.85812], [-87.62742, 41.85788], [-87.62737, 41.8577], [-87.62737, 41.85761], [-87.62741, 41.85758], [-87.62743, 41.85751], [-87.62739, 41.85741], [-87.6274, 41.85718], [-87.62736, 41.85711], [-87.62738, 41.85703], [-87.62732, 41.85679], [-87.62737, 41.8566], [-87.6275, 41.85649], [-87.62736, 41.85639], [-87.6273, 41.85611], [-87.62732, 41.85604], [-87.6273, 41.85563], [-87.6274, 41.85558], [-87.62743, 41.85547], [-87.62726, 41.85541], [-87.62723, 41.85537], [-87.62726, 41.85532], [-87.62721, 41.85526], [-87.62727, 41.85508], [-87.62731, 41.85477], [-87.62725, 41.85407], [-87.62728, 41.85363], [-87.62722, 41.85337], [-87.62721, 41.8531], [-87.62723, 41.853], [-87.62733, 41.85298], [-87.62734, 41.85295], [-87.62728, 41.85285], [-87.62725, 41.85272], [-87.62728, 41.85254], [-87.62725, 41.85225], [-87.62725, 41.85149], [-87.62731, 41.85143], [-87.62724, 41.85133], [-87.62722, 41.85106], [-87.62723, 41.85053], [-87.62722, 41.85055], [-87.62719, 41.85049], [-87.62725, 41.8504], [-87.62718, 41.84999], [-87.62722, 41.84996], [-87.62718, 41.84982], [-87.6272, 41.84936], [-87.62712, 41.84928], [-87.62722, 41.84928], [-87.62719, 41.84915], [-87.62726, 41.84908], [-87.62729, 41.84897], [-87.62726, 41.84887], [-87.6272, 41.84878], [-87.62715, 41.8486], [-87.62718, 41.84822], [-87.62713, 41.84785], [-87.62714, 41.84766], [-87.6271, 41.84762], [-87.62696, 41.84769], [-87.62691, 41.84781], [-87.62684, 41.84784], [-87.62658, 41.84785], [-87.62628, 41.84795], [-87.62618, 41.84795], [-87.6252, 41.8483], [-87.62452, 41.84841], [-87.62421, 41.84844], [-87.62417, 41.8484], [-87.6241, 41.8484], [-87.6239, 41.84848], [-87.62383, 41.84855], [-87.62364, 41.84855], [-87.62348, 41.84851], [-87.62324, 41.84853], [-87.62315, 41.84851], [-87.62296, 41.84852], [-87.62253, 41.84845], [-87.62229, 41.84845], [-87.62231, 41.84879], [-87.62225, 41.84907], [-87.62228, 41.84946], [-87.62232, 41.84952], [-87.62234, 41.84996], [-87.62231, 41.85016], [-87.62234, 41.85039], [-87.62227, 41.85071], [-87.62234, 41.85104], [-87.62232, 41.85124], [-87.62239, 41.85155], [-87.62235, 41.85192], [-87.62237, 41.85225], [-87.62235, 41.85265], [-87.62237, 41.85276], [-87.62195, 41.85278], [-87.62195, 41.8527], [-87.62178, 41.85269], [-87.62165, 41.85269], [-87.62154, 41.85275], [-87.62099, 41.85273], [-87.62098, 41.85271], [-87.62086, 41.85274], [-87.62055, 41.85273], [-87.6205, 41.85275], [-87.62053, 41.85279], [-87.6204, 41.85276], [-87.6198, 41.85276], [-87.61973, 41.85278], [-87.61948, 41.85271], [-87.61929, 41.85283], [-87.61926, 41.85289], [-87.61917, 41.85287], [-87.61908, 41.85278], [-87.619, 41.85277], [-87.61888, 41.85291], [-87.61895, 41.85305], [-87.61898, 41.85321], [-87.61897, 41.85383], [-87.61894, 41.8539], [-87.61899, 41.85486], [-87.61894, 41.85491], [-87.61898, 41.85495], [-87.619, 41.85527], [-87.61903, 41.85533], [-87.61898, 41.85594], [-87.61898, 41.85666], [-87.61909, 41.85694], [-87.61908, 41.85696], [-87.61929, 41.8574], [-87.6193, 41.8575], [-87.6187, 41.85763], [-87.61854, 41.85774], [-87.61846, 41.85775], [-87.61839, 41.85774], [-87.61828, 41.85761], [-87.61827, 41.85757], [-87.61821, 41.85755], [-87.61823, 41.8577], [-87.61848, 41.85805], [-87.61855, 41.85823], [-87.6185, 41.85823], [-87.61848, 41.85815], [-87.61838, 41.85809], [-87.61836, 41.85801], [-87.61827, 41.85794], [-87.6182, 41.85795], [-87.61819, 41.85798], [-87.61804, 41.85797], [-87.61783, 41.85806], [-87.61783, 41.85825], [-87.61797, 41.8584], [-87.61795, 41.85879], [-87.61792, 41.85881], [-87.61796, 41.85914], [-87.61736, 41.85932], [-87.6174, 41.85947], [-87.61721, 41.85943], [-87.61705, 41.85935], [-87.61693, 41.85941], [-87.61687, 41.85983], [-87.61678, 41.85997], [-87.61676, 41.86008], [-87.61671, 41.86007], [-87.61672, 41.8601], [-87.61658, 41.86039], [-87.61627, 41.86058], [-87.61622, 41.86071], [-87.61601, 41.86071], [-87.61588, 41.86076], [-87.61569, 41.86109], [-87.61567, 41.86112], [-87.61563, 41.8611], [-87.61559, 41.86113], [-87.61558, 41.86122], [-87.61548, 41.86142], [-87.61542, 41.86147], [-87.61524, 41.86148], [-87.61522, 41.86163], [-87.61525, 41.86173], [-87.61523, 41.86176], [-87.61533, 41.86191], [-87.61534, 41.86198], [-87.61528, 41.86199], [-87.61525, 41.86207], [-87.61533, 41.86213], [-87.6153, 41.86217], [-87.61537, 41.86228], [-87.61539, 41.86238], [-87.61532, 41.86265], [-87.61541, 41.86275], [-87.61544, 41.86292], [-87.61559, 41.86307], [-87.61555, 41.8635], [-87.61558, 41.86368], [-87.61555, 41.86369], [-87.61565, 41.86387], [-87.61562, 41.864], [-87.6157, 41.86435], [-87.61565, 41.86455], [-87.61559, 41.86459], [-87.61556, 41.86469], [-87.61543, 41.86484], [-87.61535, 41.86507], [-87.61543, 41.86525], [-87.61546, 41.86529], [-87.61566, 41.86532], [-87.61617, 41.86526], [-87.6165, 41.86543], [-87.61661, 41.86536], [-87.617, 41.8653], [-87.61735, 41.8653], [-87.61758, 41.86536], [-87.61825, 41.86529], [-87.61852, 41.86533], [-87.61851, 41.86544], [-87.61856, 41.86557], [-87.6185, 41.86572], [-87.61849, 41.86594], [-87.61846, 41.86597], [-87.61847, 41.86603], [-87.61853, 41.86612], [-87.61849, 41.86625], [-87.61856, 41.86648], [-87.61839, 41.86671], [-87.6184, 41.86676], [-87.61856, 41.86686], [-87.6186, 41.86693], [-87.6183, 41.86718], [-87.6182, 41.8675], [-87.61809, 41.86757], [-87.61796, 41.8676], [-87.61791, 41.86766], [-87.61791, 41.86786], [-87.61808, 41.86808], [-87.61848, 41.86821], [-87.61859, 41.8683], [-87.619, 41.8685], [-87.6197, 41.86868], [-87.6203, 41.86869], [-87.62041, 41.86866], [-87.62048, 41.86876], [-87.62057, 41.86878], [-87.62077, 41.86873], [-87.62087, 41.86861], [-87.62094, 41.86868], [-87.62105, 41.86875], [-87.6211, 41.86883], [-87.62108, 41.8689], [-87.62094, 41.86906], [-87.62094, 41.86915], [-87.62102, 41.86926], [-87.62117, 41.86935], [-87.6216, 41.86936], [-87.62192, 41.86932], [-87.62213, 41.86933], [-87.62221, 41.86929], [-87.62221, 41.86932], [-87.62231, 41.86933], [-87.62234, 41.86937], [-87.62231, 41.86937], [-87.62284, 41.8694], [-87.62306, 41.86936], [-87.62354, 41.86939], [-87.62398, 41.86936], [-87.62439, 41.86939], [-87.62433, 41.86959], [-87.62438, 41.87036], [-87.62432, 41.87039], [-87.62428, 41.87049], [-87.62434, 41.8708], [-87.6244, 41.87147], [-87.62445, 41.87153], [-87.62442, 41.87157], [-87.62439, 41.87173], [-87.62444, 41.87191], [-87.62437, 41.87201], [-87.62443, 41.87225], [-87.62438, 41.87264], [-87.62441, 41.87271], [-87.62443, 41.87311], [-87.62448, 41.87315], [-87.62445, 41.87317], [-87.62453, 41.8732], [-87.62455, 41.87337], [-87.62445, 41.87351], [-87.62445, 41.87407], [-87.62449, 41.8742], [-87.62446, 41.87446], [-87.62449, 41.87484], [-87.62446, 41.87493], [-87.62451, 41.87517], [-87.6245, 41.87528], [-87.62445, 41.8754], [-87.62454, 41.87565], [-87.62451, 41.87567], [-87.62451, 41.87584], [-87.62445, 41.87587], [-87.62444, 41.87596], [-87.62451, 41.87616], [-87.62452, 41.87694], [-87.62456, 41.877], [-87.62456, 41.87697], [-87.6246, 41.87699], [-87.62453, 41.87711], [-87.62451, 41.87756], [-87.62455, 41.87789], [-87.6245, 41.87792], [-87.62458, 41.87831], [-87.62455, 41.8785], [-87.62455, 41.87897], [-87.62459, 41.87943], [-87.62465, 41.87957], [-87.62458, 41.87967], [-87.62459, 41.87997], [-87.62471, 41.87995], [-87.62463, 41.88007], [-87.62465, 41.88015], [-87.62465, 41.88078], [-87.62512, 41.88073], [-87.62531, 41.88073], [-87.62544, 41.88079], [-87.62612, 41.88073], [-87.62628, 41.88075], [-87.62637, 41.88072], [-87.6277, 41.88073], [-87.62767, 41.88088], [-87.62763, 41.88086], [-87.62764, 41.88105], [-87.62769, 41.88114], [-87.62766, 41.88141], [-87.62776, 41.88153], [-87.62777, 41.88162], [-87.62776, 41.88175], [-87.6277, 41.88194], [-87.6278, 41.88197], [-87.6291, 41.8819], [-87.63069, 41.88192], [-87.6308, 41.88191], [-87.63074, 41.88189], [-87.63078, 41.88189], [-87.63091, 41.88192], [-87.63145, 41.88192], [-87.63266, 41.88187], [-87.63275, 41.88188], [-87.63271, 41.88195], [-87.63278, 41.88199], [-87.63302, 41.88198], [-87.6333, 41.8819], [-87.63381, 41.88188], [-87.63418, 41.88196], [-87.63471, 41.88197], [-87.6351, 41.88192], [-87.63538, 41.88179], [-87.63561, 41.88184], [-87.63577, 41.88185], [-87.63612, 41.88182], [-87.63627, 41.88177], [-87.63637, 41.88183], [-87.63664, 41.88185], [-87.63695, 41.88179], [-87.63713, 41.88173], [-87.63721, 41.88168], [-87.63717, 41.88168], [-87.63715, 41.88176], [-87.63736, 41.88183], [-87.63748, 41.88184], [-87.63749, 41.88161], [-87.63766, 41.88158], [-87.63794, 41.88168], [-87.63792, 41.88176], [-87.63795, 41.88178], [-87.63849, 41.88183], [-87.63872, 41.88189], [-87.63896, 41.88188], [-87.63933, 41.88177], [-87.63953, 41.88178], [-87.63973, 41.88172], [-87.6401, 41.88181], [-87.64025, 41.88176], [-87.64037, 41.88184], [-87.64058, 41.88187], [-87.64094, 41.88184], [-87.6411, 41.88187], [-87.64121, 41.8818], [-87.64146, 41.88177], [-87.64193, 41.88178]]}}, {"type": "Feature", "properties": {"name": "1st stroll in ChiTown", "source": "1st_stroll_in_ChiTown.gpx", "points": 364}, "geometry": {"type": "LineString", "coordinates": [[-87.63459, 41.88449], [-87.63408, 41.88444], [-87.63396, 41.88436], [-87.63375, 41.88432], [-87.63362, 41.88438], [-87.63346, 41.88436], [-87.63238, 41.88439], [-87.63232, 41.88441], [-87.63236, 41.88443], [-87.6323, 41.88443], [-87.63165, 41.8844], [-87.63152, 41.88449], [-87.63142, 41.88478], [-87.63128, 41.88505], [-87.63122, 41.8851], [-87.63105, 41.88514], [-87.63085, 41.88531], [-87.63085, 41.88535], [-87.631, 41.88498], [-87.63083, 41.88467], [-87.63085, 41.88447], [-87.63067, 41.88439], [-87.63052, 41.88443], [-87.63004, 41.88446], [-87.62994, 41.88448], [-87.62989, 41.88453], [-87.6296, 41.88449], [-87.62929, 41.88438], [-87.62901, 41.8844], [-87.62894, 41.88445], [-87.62901, 41.88453], [-87.62896, 41.88457], [-87.62896, 41.8846], [-87.62891, 41.88458], [-87.62891, 41.88453], [-87.62885, 41.88451], [-87.62813, 41.88454], [-87.62804, 41.88458], [-87.62795, 41.88454], [-87.62765, 41.88454], [-87.62737, 41.88458], [-87.62605, 41.88454], [-87.62504, 41.88457], [-87.62496, 41.88457], [-87.62489, 41.88464], [-87.62475, 41.88464], [-87.62471, 41.88468], [-87.62473, 41.88482], [-87.6247, 41.88501], [-87.62473, 41.88563], [-87.62463, 41.88594], [-87.6247, 41.88612], [-87.62463, 41.8862], [-87.62438, 41.88629], [-87.62433, 41.88636], [-87.62438, 41.88659], [-87.62427, 41.88651], [-87.6244, 41.88676], [-87.6244, 41.88681], [-87.62436, 41.88683], [-87.62442, 41.88696], [-87.62455, 41.88699], [-87.62462, 41.88705], [-87.62476, 41.88704], [-87.6248, 41.88711], [-87.62476, 41.8873], [-87.62474, 41.88808], [-87.62467, 41.88812], [-87.62458, 41.88828], [-87.62462, 41.88839], [-87.62469, 41.88849], [-87.6246, 41.88859], [-87.62455, 41.88871], [-87.62443, 41.88933], [-87.62445, 41.88939], [-87.62456, 41.88945], [-87.62458, 41.88959], [-87.62449, 41.88966], [-87.62439, 41.88982], [-87.62428, 41.88985], [-87.62428, 41.88992], [-87.62431, 41.88995], [-87.62434, 41.88991], [-87.62423, 41.88988], [-87.62429, 41.88979], [-87.62422, 41.88979], [-87.62406, 41.88989], [-87.624, 41.88988], [-87.62403, 41.88998], [-87.62377, 41.88998], [-87.62371, 41.89008], [-87.62371, 41.89018], [-87.62374, 41.89023], [-87.62377, 41.89019], [-87.62374, 41.89014], [-87.62351, 41.89017], [-87.62353, 41.89014], [-87.62319, 41.89012], [-87.62316, 41.89007], [-87.62303, 41.89003], [-87.62299, 41.88999], [-87.62284, 41.89004], [-87.62307, 41.89005], [-87.62352, 41.88999], [-87.62361, 41.89005], [-87.62368, 41.89014], [-87.62381, 41.89014], [-87.6239, 41.89018], [-87.62389, 41.8903], [-87.62394, 41.89039], [-87.62393, 41.89048], [-87.62388, 41.89051], [-87.62377, 41.89048], [-87.62373, 41.89051], [-87.62381, 41.8906], [-87.62391, 41.89053], [-87.62391, 41.89063], [-87.62387, 41.89066], [-87.62392, 41.89071], [-87.62393, 41.89081], [-87.62398, 41.89081], [-87.62392, 41.89085], [-87.6238, 41.89082], [-87.62369, 41.89086], [-87.6233, 41.89086], [-87.62324, 41.8909], [-87.62311, 41.89086], [-87.62282, 41.89094], [-87.62335, 41.89099], [-87.62367, 41.89097], [-87.62389, 41.89091], [-87.62393, 41.89093], [-87.62389, 41.89097], [-87.62394, 41.89112], [-87.62394, 41.89145], [-87.62398, 41.89179], [-87.62396, 41.89213], [-87.62401, 41.89225], [-87.62416, 41.89236], [-87.62407, 41.89247], [-87.62402, 41.89267], [-87.62404, 41.89298], [-87.624, 41.89323], [-87.62409, 41.89341], [-87.62404, 41.89341], [-87.62413, 41.89338], [-87.62418, 41.8934], [-87.62431, 41.89332], [-87.62475, 41.89342], [-87.62569, 41.89341], [-87.62581, 41.89336], [-87.62646, 41.89339], [-87.6266, 41.89336], [-87.62776, 41.89335], [-87.62779, 41.89333], [-87.62801, 41.89336], [-87.62803, 41.89333], [-87.62803, 41.89329], [-87.62795, 41.89319], [-87.62802, 41.8931], [-87.62799, 41.89256], [-87.62803, 41.89236], [-87.62798, 41.89224], [-87.62796, 41.89183], [-87.62792, 41.89175], [-87.62796, 41.89169], [-87.6279, 41.8909], [-87.62794, 41.89078], [-87.62795, 41.89046], [-87.62791, 41.89002], [-87.62793, 41.8895], [-87.62787, 41.88915], [-87.62788, 41.88873], [-87.62786, 41.88867], [-87.62773, 41.88857], [-87.62782, 41.88849], [-87.62783, 41.88841], [-87.62779, 41.88829], [-87.62767, 41.88819], [-87.62777, 41.88809], [-87.62782, 41.88796], [-87.62777, 41.88734], [-87.6278, 41.88713], [-87.62786, 41.88712], [-87.62784, 41.88707], [-87.62791, 41.88699], [-87.62792, 41.88688], [-87.62788, 41.88678], [-87.62777, 41.8867], [-87.62778, 41.88605], [-87.62788, 41.88563], [-87.62781, 41.88557], [-87.62775, 41.88535], [-87.62777, 41.88512], [-87.62773, 41.88483], [-87.62776, 41.88478], [-87.62773, 41.88456], [-87.62771, 41.88459], [-87.62769, 41.88454], [-87.62775, 41.88428], [-87.62773, 41.88332], [-87.62773, 41.88328], [-87.6277, 41.88327], [-87.6277, 41.8833], [-87.62767, 41.88324], [-87.62767, 41.883], [-87.6277, 41.88294], [-87.62768, 41.88258], [-87.62771, 41.88258], [-87.62767, 41.88253], [-87.62767, 41.88212], [-87.62765, 41.88216], [-87.62768, 41.88215], [-87.62759, 41.8821], [-87.62756, 41.88193], [-87.6275, 41.88187], [-87.62761, 41.88178], [-87.62758, 41.88164], [-87.62761, 41.88162], [-87.62749, 41.88157], [-87.62738, 41.88157], [-87.62731, 41.88167], [-87.62726, 41.88169], [-87.62729, 41.8817], [-87.6273, 41.88178], [-87.62734, 41.88175], [-87.62733, 41.88158], [-87.62728, 41.88145], [-87.62731, 41.88141], [-87.62743, 41.88142], [-87.6275, 41.88148], [-87.62759, 41.88149], [-87.62768, 41.88143], [-87.62741, 41.88148], [-87.62742, 41.88137], [-87.62746, 41.88131], [-87.62762, 41.8813], [-87.62758, 41.8812], [-87.62747, 41.88119], [-87.62744, 41.88103], [-87.62737, 41.88108], [-87.6272, 41.88109], [-87.62713, 41.88107], [-87.627, 41.88109], [-87.627, 41.88105], [-87.62709, 41.88107], [-87.62699, 41.88117], [-87.62695, 41.88114], [-87.62688, 41.88119], [-87.62695, 41.88122], [-87.62696, 41.88126], [-87.62692, 41.88127], [-87.62701, 41.88132], [-87.62699, 41.88127], [-87.6269, 41.88128], [-87.62701, 41.88126], [-87.62696, 41.88128], [-87.62698, 41.88131], [-87.62691, 41.88132], [-87.62687, 41.88127], [-87.62679, 41.88127], [-87.62668, 41.88143], [-87.62672, 41.88143], [-87.62672, 41.88147], [-87.62667, 41.88148], [-87.62669, 41.88141], [-87.62667, 41.8814], [-87.62662, 41.88141], [-87.62664, 41.88141], [-87.6266, 41.88144], [-87.62661, 41.88147], [-87.62662, 41.88145], [-87.62679, 41.88141], [-87.62683, 41.88143], [-87.62679, 41.88147], [-87.6269, 41.88147], [-87.62693, 41.88138], [-87.62706, 41.88137], [-87.6271, 41.88142], [-87.62713, 41.88138], [-87.62724, 41.88135], [-87.62749, 41.88139], [-87.62756, 41.88143], [-87.62758, 41.8815], [-87.62773, 41.88151], [-87.62777, 41.8814], [-87.62762, 41.88138], [-87.62748, 41.88142], [-87.62752, 41.8814], [-87.62756, 41.88129], [-87.62766, 41.88128], [-87.62768, 41.8813], [-87.62766, 41.8814], [-87.62761, 41.88147], [-87.62746, 41.88153], [-87.6273, 41.88151], [-87.62729, 41.88173], [-87.62725, 41.88182], [-87.62727, 41.88181], [-87.62724, 41.88182], [-87.62731, 41.88188], [-87.62731, 41.88194], [-87.62739, 41.88196], [-87.62753, 41.88189], [-87.62751, 41.88188], [-87.62754, 41.88191], [-87.62752, 41.88185], [-87.62762, 41.88181], [-87.6277, 41.88187], [-87.62779, 41.88185], [-87.6278, 41.88188], [-87.62795, 41.88193], [-87.62819, 41.8819], [-87.62855, 41.88193], [-87.62931, 41.88191], [-87.62936, 41.88197], [-87.62943, 41.88198], [-87.62965, 41.88191], [-87.6316, 41.88192], [-87.63186, 41.88188], [-87.63227, 41.8819], [-87.633, 41.88187], [-87.63336, 41.8819], [-87.63386, 41.88187], [-87.63401, 41.88188], [-87.63405, 41.88192], [-87.63424, 41.88196], [-87.63425, 41.88201], [-87.63457, 41.88202], [-87.63508, 41.88197], [-87.63531, 41.882], [-87.63521, 41.88204], [-87.63527, 41.88213], [-87.63545, 41.88199], [-87.63562, 41.88199], [-87.63606, 41.88188], [-87.63617, 41.88188], [-87.63618, 41.88184], [-87.63691, 41.88184], [-87.63716, 41.88179], [-87.63799, 41.88182], [-87.63809, 41.88185], [-87.63813, 41.88196], [-87.63817, 41.88197], [-87.63837, 41.88195], [-87.63884, 41.88197], [-87.63912, 41.88189], [-87.63943, 41.88185], [-87.63969, 41.88185], [-87.63976, 41.88192], [-87.63973, 41.8819], [-87.63987, 41.88193], [-87.64011, 41.8819], [-87.64042, 41.88195], [-87.64115, 41.88186], [-87.6418, 41.88186], [-87.642, 41.88191], [-87.64205, 41.88182], [-87.64194, 41.88161], [-87.64197, 41.88156], [-87.6421, 41.88149], [-87.64219, 41.88151], [-87.64232, 41.88148], [-87.64225, 41.88149]]}}, {"type": "Feature", "properties": {"name": "4th of July Fireworks", "source": "4th_of_July_Fireworks.gpx", "points": 96}, "geometry": {"type": "LineString", "coordinates": [[-87.62134, 41.88203], [-87.62123, 41.88201], [-87.6211, 41.88209], [-87.62109, 41.88217], [-87.62116, 41.88228], [-87.62116, 41.88231], [-87.62104, 41.88243], [-87.62104, 41.88257], [-87.621, 41.8827], [-87.62084, 41.88282], [-87.6206, 41.88285], [-87.62057, 41.8828], [-87.62046, 41.88279], [-87.62029, 41.8827], [-87.62019, 41.8826], [-87.62012, 41.88258], [-87.62003, 41.88262], [-87.62, 41.88268], [-87.62007, 41.88286], [-87.62, 41.88291], [-87.61989, 41.88291], [-87.61977, 41.88283], [-87.61978, 41.88276], [-87.61988, 41.88265], [-87.61985, 41.88255], [-87.61979, 41.88251], [-87.61964, 41.88254], [-87.6195, 41.88251], [-87.61943, 41.88253], [-87.61909, 41.88289], [-87.61893, 41.883], [-87.61883, 41.88297], [-87.61875, 41.88299], [-87.61866, 41.88304], [-87.61859, 41.88316], [-87.6183, 41.88325], [-87.61807, 41.88321], [-87.61788, 41.88309], [-87.61778, 41.88307], [-87.61773, 41.88299], [-87.61762, 41.88293], [-87.61752, 41.8828], [-87.61737, 41.88277], [-87.61731, 41.88273], [-87.61733, 41.88284], [-87.61705, 41.88314], [-87.61638, 41.88335], [-87.61622, 41.88346], [-87.61622, 41.8835], [-87.61613, 41.88359], [-87.6157, 41.8838], [-87.61537, 41.88381], [-87.61516, 41.88386], [-87.6151, 41.88394], [-87.6152, 41.88408], [-87.61517, 41.88418], [-87.61504, 41.88425], [-87.61483, 41.88426], [-87.61474, 41.88435], [-87.61433, 41.88431], [-87.61402, 41.88438], [-87.61395, 41.88433], [-87.61383, 41.88436], [-87.61351, 41.88435], [-87.61341, 41.88439], [-87.61333, 41.88436], [-87.61311, 41.88437], [-87.61302, 41.88434], [-87.61305, 41.8843], [-87.61301, 41.88424], [-87.61283, 41.88422], [-87.61277, 41.88432], [-87.61277, 41.88481], [-87.61274, 41.885], [-87.61277, 41.88531], [-87.61277, 41.88558], [-87.61275, 41.88562], [-87.61278, 41.8858], [-87.61273, 41.88597], [-87.61279, 41.88618], [-87.61275, 41.88664], [-87.61279, 41.88673], [-87.61276, 41.88688], [-87.61276, 41.88723], [-87.61273, 41.88726], [-87.61276, 41.88726], [-87.61261, 41.88726], [-87.61226, 41.88721], [-87.61221, 41.88717], [-87.61193, 41.88721], [-87.61022, 41.88721], [-87.61017, 41.88722], [-87.6102, 41.88724], [-87.61013, 41.88721], [-87.61017, 41.88724], [-87.61045, 41.88723]]}}, {"type": "Feature", "properties": {"name": "AMC theatre", "source": "AMC_theatre.gpx", "points": 206}, "geometry": {"type": "LineString", "coordinates": [[-87.64191, 41.88173], [-87.64196, 41.88164], [-87.6419, 41.88167], [-87.6419, 41.88176], [-87.64183, 41.88178], [-87.64132, 41.88177], [-87.64111, 41.88173], [-87.64099, 41.88178], [-87.64078, 41.88178], [-87.64028, 41.88173], [-87.6396, 41.88175], [-87.63947, 41.88181], [-87.63937, 41.88183], [-87.63925, 41.88182], [-87.63919, 41.88176], [-87.63907, 41.88175], [-87.63891, 41.88179], [-87.6381, 41.88176], [-87.63706, 41.88183], [-87.63705, 41.88206], [-87.63714, 41.88222], [-87.63717, 41.8824], [-87.63713, 41.88336], [-87.63709, 41.88355], [-87.63714, 41.88362], [-87.63711, 41.8838], [-87.63715, 41.8841], [-87.63714, 41.88438], [-87.63717, 41.88432], [-87.63726, 41.88433], [-87.63713, 41.88447], [-87.63715, 41.88454], [-87.63704, 41.88459], [-87.63686, 41.88461], [-87.63681, 41.88466], [-87.63686, 41.88478], [-87.63686, 41.88494], [-87.63678, 41.88538], [-87.63681, 41.88544], [-87.63675, 41.88561], [-87.63691, 41.88578], [-87.63688, 41.88597], [-87.63694, 41.88601], [-87.63699, 41.88601], [-87.63676, 41.88623], [-87.63617, 41.88653], [-87.63546, 41.88698], [-87.63595, 41.88744], [-87.63599, 41.88746], [-87.63598, 41.88742], [-87.63599, 41.88748], [-87.63603, 41.88747], [-87.63608, 41.88755], [-87.6363, 41.88774], [-87.63637, 41.88786], [-87.63651, 41.88797], [-87.63654, 41.88802], [-87.63652, 41.88806], [-87.63666, 41.88813], [-87.63681, 41.8883], [-87.6369, 41.88846], [-87.63708, 41.88864], [-87.63713, 41.88882], [-87.63707, 41.88909], [-87.63712, 41.88958], [-87.63711, 41.88982], [-87.63703, 41.88985], [-87.63707, 41.88989], [-87.63767, 41.88986], [-87.63823, 41.88988], [-87.63841, 41.88983], [-87.63845, 41.88985], [-87.6387, 41.89018], [-87.63894, 41.89044], [-87.63914, 41.89077], [-87.63943, 41.89107], [-87.63942, 41.89114], [-87.63989, 41.89164], [-87.64025, 41.89216], [-87.64044, 41.8923], [-87.64052, 41.89242], [-87.64076, 41.89256], [-87.64084, 41.89279], [-87.6411, 41.89307], [-87.64117, 41.89317], [-87.64116, 41.8932], [-87.64122, 41.89322], [-87.64119, 41.89322], [-87.64124, 41.89316], [-87.6415, 41.89312], [-87.64223, 41.89316], [-87.64236, 41.89333], [-87.64263, 41.89339], [-87.64277, 41.89351], [-87.64314, 41.89367], [-87.64323, 41.89381], [-87.64325, 41.89389], [-87.6438, 41.89427], [-87.64381, 41.89421], [-87.6438, 41.89428], [-87.64385, 41.8943], [-87.644, 41.89428], [-87.64406, 41.89435], [-87.64406, 41.89447], [-87.64372, 41.89469], [-87.64373, 41.8949], [-87.6437, 41.89491], [-87.64372, 41.89502], [-87.64368, 41.89518], [-87.64375, 41.89529], [-87.64375, 41.89535], [-87.64361, 41.89563], [-87.64359, 41.89574], [-87.64338, 41.89602], [-87.64336, 41.89628], [-87.64333, 41.89632], [-87.64339, 41.89637], [-87.64364, 41.89637], [-87.64346, 41.89648], [-87.64324, 41.89646], [-87.64314, 41.89642], [-87.6431, 41.89647], [-87.64311, 41.89652], [-87.64307, 41.89661], [-87.64306, 41.89675], [-87.64308, 41.89759], [-87.64303, 41.89766], [-87.64308, 41.89779], [-87.64335, 41.89785], [-87.64396, 41.89858], [-87.6441, 41.89863], [-87.64417, 41.8987], [-87.6442, 41.89885], [-87.64436, 41.89905], [-87.64451, 41.89919], [-87.64468, 41.89941], [-87.64471, 41.89948], [-87.6447, 41.8995], [-87.64477, 41.89952], [-87.64495, 41.89981], [-87.64472, 41.8999], [-87.64464, 41.89989], [-87.64429, 41.90004], [-87.64393, 41.90024], [-87.64409, 41.90042], [-87.64413, 41.90051], [-87.64434, 41.90072], [-87.64457, 41.90103], [-87.64473, 41.90117], [-87.64496, 41.90152], [-87.6454, 41.90208], [-87.64566, 41.90235], [-87.64574, 41.90248], [-87.64582, 41.90253], [-87.64597, 41.9028], [-87.64617, 41.90293], [-87.64639, 41.9032], [-87.64635, 41.90323], [-87.64637, 41.90328], [-87.64657, 41.90336], [-87.64658, 41.90343], [-87.64671, 41.90359], [-87.64747, 41.90361], [-87.64773, 41.90354], [-87.64791, 41.90358], [-87.64798, 41.90368], [-87.648, 41.90409], [-87.64799, 41.90423], [-87.64795, 41.90426], [-87.64799, 41.90442], [-87.64804, 41.90451], [-87.64802, 41.9047], [-87.64797, 41.90471], [-87.64799, 41.9047], [-87.64801, 41.90477], [-87.648, 41.90486], [-87.64805, 41.9049], [-87.64803, 41.90508], [-87.64799, 41.90513], [-87.64801, 41.90525], [-87.64797, 41.90528], [-87.64803, 41.90542], [-87.64803, 41.9057], [-87.64807, 41.90582], [-87.64805, 41.90599], [-87.64808, 41.90652], [-87.64808, 41.90687], [-87.64803, 41.90695], [-87.64808, 41.90723], [-87.64808, 41.90743], [-87.64811, 41.90749], [-87.64808, 41.90759], [-87.64804, 41.90759], [-87.64813, 41.90778], [-87.64826, 41.90852], [-87.64779, 41.90852], [-87.64737, 41.90843], [-87.64733, 41.90837], [-87.64735, 41.90827], [-87.64726, 41.90828], [-87.64733, 41.90827], [-87.64736, 41.90818], [-87.64727, 41.90821], [-87.6472, 41.9083], [-87.6471, 41.90828], [-87.64717, 41.90834]]}}, {"type": "Feature", "properties": {"name": "Back from AMC + Green Door Taverm", "source": "Back_from_AMC_Green_Door_Taverm.gpx", "points": 182}, "geometry": {"type": "LineString", "coordinates": [[-87.64463, 41.90727], [-87.64426, 41.90702], [-87.64365, 41.90654], [-87.64339, 41.9064], [-87.6433, 41.90631], [-87.64307, 41.9062], [-87.64295, 41.90606], [-87.64274, 41.90597], [-87.64264, 41.9059], [-87.6426, 41.9058], [-87.64251, 41.9057], [-87.64233, 41.90564], [-87.6423, 41.90559], [-87.64192, 41.90536], [-87.64131, 41.9049], [-87.64123, 41.90487], [-87.6409, 41.9046], [-87.64091, 41.90457], [-87.64083, 41.90451], [-87.64054, 41.90437], [-87.64019, 41.90409], [-87.64004, 41.9039], [-87.64012, 41.90336], [-87.64008, 41.90324], [-87.64006, 41.90264], [-87.63996, 41.90248], [-87.63994, 41.90231], [-87.63964, 41.90221], [-87.63954, 41.90221], [-87.63949, 41.90217], [-87.6389, 41.90213], [-87.63887, 41.90209], [-87.63891, 41.90196], [-87.63891, 41.90142], [-87.63886, 41.90128], [-87.63771, 41.90127], [-87.6376, 41.90125], [-87.63745, 41.90127], [-87.63743, 41.90122], [-87.63748, 41.90102], [-87.63741, 41.90074], [-87.63742, 41.90057], [-87.63746, 41.90054], [-87.63738, 41.90033], [-87.63743, 41.90004], [-87.63742, 41.90001], [-87.63735, 41.89997], [-87.63736, 41.89979], [-87.63733, 41.89973], [-87.63737, 41.89967], [-87.63739, 41.89952], [-87.63735, 41.89918], [-87.63739, 41.89915], [-87.63736, 41.89903], [-87.6374, 41.89895], [-87.63739, 41.89888], [-87.63736, 41.89877], [-87.63733, 41.89829], [-87.63737, 41.89825], [-87.63734, 41.89822], [-87.63729, 41.898], [-87.6373, 41.89773], [-87.63728, 41.89754], [-87.63729, 41.89717], [-87.63733, 41.89714], [-87.63727, 41.89673], [-87.63727, 41.89666], [-87.63732, 41.89663], [-87.63723, 41.89661], [-87.63731, 41.89616], [-87.63727, 41.8957], [-87.63733, 41.89553], [-87.63728, 41.89542], [-87.63728, 41.89492], [-87.6373, 41.8949], [-87.63725, 41.89465], [-87.63732, 41.89468], [-87.63729, 41.89471], [-87.63729, 41.89469], [-87.63726, 41.8947], [-87.63731, 41.89466], [-87.63726, 41.89465], [-87.63731, 41.89465], [-87.63731, 41.89471], [-87.63732, 41.89469], [-87.63735, 41.89475], [-87.63735, 41.89469], [-87.63738, 41.89471], [-87.63736, 41.89463], [-87.6373, 41.89469], [-87.63731, 41.89465], [-87.63734, 41.89465], [-87.63726, 41.89457], [-87.63724, 41.89448], [-87.63724, 41.89426], [-87.63727, 41.89424], [-87.63721, 41.89396], [-87.63726, 41.89389], [-87.63723, 41.8935], [-87.63727, 41.89344], [-87.63723, 41.8932], [-87.63732, 41.89308], [-87.63754, 41.89297], [-87.6373, 41.89308], [-87.63731, 41.89316], [-87.63724, 41.89324], [-87.63708, 41.89325], [-87.63702, 41.8932], [-87.63696, 41.89321], [-87.63697, 41.89323], [-87.63699, 41.89316], [-87.63695, 41.89312], [-87.63697, 41.89296], [-87.63693, 41.89291], [-87.63698, 41.89265], [-87.63694, 41.89258], [-87.63696, 41.89245], [-87.6369, 41.89234], [-87.63695, 41.89207], [-87.63692, 41.89185], [-87.63687, 41.89177], [-87.6369, 41.89158], [-87.63686, 41.89146], [-87.63693, 41.89137], [-87.63693, 41.89122], [-87.6369, 41.89119], [-87.63693, 41.891], [-87.63691, 41.89081], [-87.63685, 41.89079], [-87.63685, 41.89059], [-87.63682, 41.89056], [-87.63686, 41.8904], [-87.63691, 41.89037], [-87.6369, 41.89007], [-87.63718, 41.88999], [-87.63711, 41.88996], [-87.6371, 41.88975], [-87.63711, 41.8894], [-87.63716, 41.88937], [-87.6371, 41.88927], [-87.6371, 41.88899], [-87.63714, 41.88897], [-87.63707, 41.88867], [-87.63692, 41.88836], [-87.6368, 41.88827], [-87.63654, 41.88793], [-87.63633, 41.88776], [-87.63608, 41.88748], [-87.6361, 41.88748], [-87.63553, 41.88691], [-87.63558, 41.88686], [-87.63574, 41.88686], [-87.63591, 41.88678], [-87.63664, 41.8863], [-87.63681, 41.88624], [-87.63703, 41.88593], [-87.6371, 41.88592], [-87.63706, 41.88577], [-87.63708, 41.88564], [-87.63717, 41.88558], [-87.63711, 41.88524], [-87.63718, 41.88496], [-87.63716, 41.88451], [-87.6372, 41.88454], [-87.63779, 41.88453], [-87.63787, 41.88459], [-87.63797, 41.88459], [-87.63848, 41.88457], [-87.63875, 41.88451], [-87.63921, 41.88453], [-87.63976, 41.88451], [-87.63982, 41.88452], [-87.63986, 41.88458], [-87.63993, 41.88459], [-87.64026, 41.88455], [-87.64044, 41.88449], [-87.64056, 41.8845], [-87.64062, 41.88437], [-87.64073, 41.88429], [-87.64107, 41.88436], [-87.64117, 41.88431], [-87.64113, 41.88377]]}}, {"type": "Feature", "properties": {"name": "Bahai and Northwestern", "source": "Bahai_and_Northwestern.gpx", "points": 688}, "geometry": {"type": "LineString", "coordinates": [[-87.69042, 42.07256], [-87.69055, 42.07271], [-87.69057, 42.07284], [-87.69066, 42.07298], [-87.69076, 42.07326], [-87.69073, 42.07337], [-87.69065, 42.0734], [-87.69072, 42.07366], [-87.69066, 42.0737], [-87.69061, 42.07371], [-87.69054, 42.07366], [-87.68979, 42.07368], [-87.68952, 42.07365], [-87.68945, 42.07362], [-87.68896, 42.07368], [-87.68833, 42.07364], [-87.68773, 42.07365], [-87.68749, 42.07362], [-87.6866, 42.07364], [-87.68646, 42.07365], [-87.68634, 42.07376], [-87.68614, 42.07372], [-87.6861, 42.07375], [-87.6858, 42.07373], [-87.68562, 42.07377], [-87.68546, 42.07377], [-87.68543, 42.07391], [-87.68525, 42.07387], [-87.68504, 42.07394], [-87.68487, 42.0739], [-87.68491, 42.07387], [-87.68487, 42.07388], [-87.6849, 42.07384], [-87.68487, 42.07378], [-87.68466, 42.07376], [-87.68459, 42.07392], [-87.68456, 42.07395], [-87.68456, 42.07403], [-87.68452, 42.07407], [-87.68444, 42.07408], [-87.6845, 42.0741], [-87.68437, 42.07425], [-87.68438, 42.07432], [-87.68412, 42.07435], [-87.68411, 42.0744], [-87.68417, 42.0745], [-87.68438, 42.07451], [-87.68439, 42.07464], [-87.68446, 42.07473], [-87.68457, 42.07472], [-87.6846, 42.07468], [-87.68458, 42.07462], [-87.6846, 42.07465], [-87.68475, 42.07456], [-87.68483, 42.07459], [-87.68487, 42.07454], [-87.68485, 42.07446], [-87.68489, 42.07438], [-87.68472, 42.07411], [-87.68457, 42.07409], [-87.68454, 42.07413], [-87.68442, 42.07415], [-87.68442, 42.07417], [-87.68461, 42.07411], [-87.6844, 42.07402], [-87.68435, 42.07397], [-87.68405, 42.07406], [-87.68396, 42.07417], [-87.68383, 42.07416], [-87.68367, 42.07408], [-87.68359, 42.0741], [-87.68345, 42.07434], [-87.6835, 42.07451], [-87.68353, 42.07452], [-87.68352, 42.07464], [-87.68358, 42.07471], [-87.68363, 42.07471], [-87.68374, 42.07487], [-87.68386, 42.07495], [-87.68415, 42.07505], [-87.68439, 42.07505], [-87.68452, 42.07508], [-87.6845, 42.07503], [-87.68457, 42.07499], [-87.6847, 42.07498], [-87.68491, 42.07487], [-87.68509, 42.07462], [-87.68508, 42.07458], [-87.68505, 42.07457], [-87.68512, 42.07447], [-87.68509, 42.07444], [-87.6851, 42.07431], [-87.68514, 42.07432], [-87.68519, 42.0744], [-87.68521, 42.0743], [-87.68525, 42.0744], [-87.68528, 42.07439], [-87.6852, 42.07427], [-87.68517, 42.07428], [-87.68522, 42.07428], [-87.68523, 42.0739], [-87.68505, 42.07394], [-87.68505, 42.07397], [-87.6851, 42.074], [-87.68501, 42.07389], [-87.68498, 42.07391], [-87.68507, 42.07393], [-87.68501, 42.07395], [-87.68508, 42.0741], [-87.68517, 42.07413], [-87.68513, 42.07411], [-87.68512, 42.07405], [-87.68515, 42.07406], [-87.6852, 42.07398], [-87.68514, 42.07405], [-87.6851, 42.07402], [-87.68513, 42.074], [-87.68511, 42.07401], [-87.6851, 42.07392], [-87.68517, 42.07386], [-87.68536, 42.07388], [-87.68538, 42.07382], [-87.68534, 42.07379], [-87.68506, 42.07375], [-87.68471, 42.07375], [-87.68468, 42.07382], [-87.68466, 42.07382], [-87.68433, 42.07374], [-87.68361, 42.07373], [-87.68318, 42.07388], [-87.68311, 42.07395], [-87.68305, 42.07395], [-87.68297, 42.07353], [-87.68294, 42.07264], [-87.68289, 42.0724], [-87.68287, 42.07188], [-87.68283, 42.07184], [-87.68289, 42.07149], [-87.68287, 42.07081], [-87.68294, 42.06977], [-87.68292, 42.06949], [-87.68297, 42.06931], [-87.68299, 42.06894], [-87.68298, 42.06881], [-87.68295, 42.06879], [-87.68298, 42.06878], [-87.68242, 42.06878], [-87.68214, 42.06883], [-87.68195, 42.06875], [-87.68122, 42.06875], [-87.68109, 42.06881], [-87.68098, 42.06877], [-87.68056, 42.06874], [-87.67925, 42.06876], [-87.67902, 42.06871], [-87.67872, 42.06873], [-87.6786, 42.06867], [-87.67855, 42.06868], [-87.67857, 42.06871], [-87.67891, 42.06864], [-87.67887, 42.06847], [-87.6788, 42.06838], [-87.6787, 42.06808], [-87.67858, 42.06789], [-87.67853, 42.06765], [-87.67831, 42.06712], [-87.6781, 42.06683], [-87.67808, 42.06666], [-87.678, 42.06638], [-87.67792, 42.06629], [-87.67786, 42.06612], [-87.67781, 42.0661], [-87.67772, 42.06595], [-87.67774, 42.06588], [-87.67768, 42.06582], [-87.67765, 42.06583], [-87.67768, 42.06575], [-87.67763, 42.06569], [-87.67756, 42.06549], [-87.67751, 42.06543], [-87.67745, 42.06542], [-87.67747, 42.06539], [-87.67744, 42.06526], [-87.67728, 42.06529], [-87.67686, 42.06526], [-87.67667, 42.06528], [-87.67658, 42.06539], [-87.67652, 42.06552], [-87.67651, 42.06562], [-87.67657, 42.06565], [-87.67654, 42.06567], [-87.67625, 42.06563], [-87.67617, 42.06563], [-87.67615, 42.06569], [-87.67594, 42.06565], [-87.67601, 42.06554], [-87.67599, 42.06549], [-87.67593, 42.06547], [-87.67582, 42.0655], [-87.67568, 42.06565], [-87.67578, 42.06553], [-87.67598, 42.06547], [-87.67603, 42.06537], [-87.67595, 42.06528], [-87.67588, 42.06511], [-87.67582, 42.0648], [-87.67554, 42.06476], [-87.67591, 42.06474], [-87.67593, 42.06469], [-87.67624, 42.06471], [-87.67637, 42.06463], [-87.67641, 42.06452], [-87.67639, 42.06447], [-87.67632, 42.06444], [-87.6763, 42.0641], [-87.67623, 42.06402], [-87.67589, 42.06399], [-87.67581, 42.06398], [-87.67575, 42.06393], [-87.67555, 42.06392], [-87.67546, 42.06393], [-87.67543, 42.064], [-87.67543, 42.06395], [-87.67548, 42.06392], [-87.67576, 42.06393], [-87.67623, 42.06399], [-87.67632, 42.06405], [-87.67656, 42.06401], [-87.67681, 42.06402], [-87.67684, 42.06401], [-87.67683, 42.06392], [-87.67684, 42.06408], [-87.67687, 42.064], [-87.67693, 42.06351], [-87.67691, 42.06281], [-87.677, 42.06272], [-87.67693, 42.06246], [-87.67698, 42.06225], [-87.67693, 42.062], [-87.67696, 42.0618], [-87.67694, 42.06149], [-87.67681, 42.06154], [-87.67647, 42.06158], [-87.67628, 42.06154], [-87.67611, 42.06158], [-87.67597, 42.06153], [-87.676, 42.06112], [-87.67597, 42.06103], [-87.67599, 42.06013], [-87.67565, 42.0601], [-87.67551, 42.06017], [-87.67534, 42.06017], [-87.67543, 42.06019], [-87.67537, 42.0602], [-87.67502, 42.06014], [-87.67472, 42.06014], [-87.67469, 42.06016], [-87.67468, 42.0603], [-87.67464, 42.06034], [-87.6742, 42.06055], [-87.67371, 42.06052], [-87.6735, 42.06045], [-87.67307, 42.0605], [-87.67293, 42.06042], [-87.67288, 42.06041], [-87.6729, 42.06043], [-87.6728, 42.06039], [-87.67215, 42.06032], [-87.67191, 42.06033], [-87.67186, 42.0603], [-87.67179, 42.06015], [-87.67165, 42.06004], [-87.67147, 42.0598], [-87.67122, 42.05969], [-87.6712, 42.05964], [-87.6713, 42.0596], [-87.67131, 42.05947], [-87.6711, 42.05919], [-87.67113, 42.05902], [-87.67103, 42.05915], [-87.67097, 42.05946], [-87.67087, 42.05942], [-87.67091, 42.05942], [-87.67097, 42.05961], [-87.67097, 42.05966], [-87.67087, 42.05975], [-87.67088, 42.05978], [-87.67088, 42.05976], [-87.67083, 42.05976], [-87.67076, 42.05981], [-87.6706, 42.05976], [-87.67022, 42.05976], [-87.66996, 42.05965], [-87.66987, 42.05956], [-87.66988, 42.05933], [-87.67002, 42.05909], [-87.66996, 42.05898], [-87.66998, 42.05891], [-87.66994, 42.05889], [-87.67003, 42.05894], [-87.67011, 42.05891], [-87.67016, 42.05873], [-87.67014, 42.05867], [-87.67021, 42.05847], [-87.67017, 42.05832], [-87.67021, 42.05818], [-87.6702, 42.05797], [-87.67025, 42.05791], [-87.67024, 42.05781], [-87.67017, 42.05773], [-87.67017, 42.05768], [-87.67027, 42.05764], [-87.67031, 42.05757], [-87.67034, 42.05739], [-87.67038, 42.0574], [-87.67042, 42.05747], [-87.6704, 42.05747], [-87.67042, 42.05735], [-87.67033, 42.05718], [-87.67037, 42.05685], [-87.67043, 42.0567], [-87.67045, 42.05667], [-87.67048, 42.05669], [-87.67043, 42.05664], [-87.67043, 42.05658], [-87.67054, 42.05637], [-87.67059, 42.05641], [-87.6707, 42.05619], [-87.67054, 42.05606], [-87.67049, 42.05579], [-87.6704, 42.05561], [-87.67043, 42.05554], [-87.67039, 42.05537], [-87.67041, 42.0553], [-87.67034, 42.05503], [-87.67041, 42.0548], [-87.67032, 42.05455], [-87.6703, 42.0543], [-87.67022, 42.05406], [-87.67022, 42.05389], [-87.67018, 42.05386], [-87.67019, 42.05372], [-87.67024, 42.05363], [-87.67014, 42.0533], [-87.67014, 42.05317], [-87.67004, 42.05294], [-87.67005, 42.05289], [-87.66992, 42.05277], [-87.66991, 42.05265], [-87.66984, 42.05251], [-87.66966, 42.05229], [-87.6696, 42.05226], [-87.66966, 42.05215], [-87.66987, 42.05212], [-87.67011, 42.05216], [-87.67019, 42.05224], [-87.67023, 42.05242], [-87.67033, 42.05253], [-87.67042, 42.05257], [-87.67055, 42.05254], [-87.67035, 42.05256], [-87.67031, 42.05262], [-87.67051, 42.05311], [-87.67052, 42.05363], [-87.67065, 42.05378], [-87.67056, 42.05384], [-87.67051, 42.05394], [-87.67052, 42.05415], [-87.67059, 42.05425], [-87.67066, 42.05447], [-87.67071, 42.05445], [-87.67078, 42.05455], [-87.6708, 42.05464], [-87.67096, 42.0547], [-87.67098, 42.05478], [-87.67102, 42.0548], [-87.67098, 42.05482], [-87.67097, 42.05487], [-87.67104, 42.05495], [-87.67112, 42.055], [-87.67143, 42.05506], [-87.67158, 42.05523], [-87.67164, 42.05523], [-87.67174, 42.05529], [-87.67179, 42.05544], [-87.6717, 42.05566], [-87.67142, 42.05566], [-87.67124, 42.0556], [-87.67103, 42.05564], [-87.67085, 42.05562], [-87.6708, 42.05558], [-87.67066, 42.05572], [-87.67066, 42.05581], [-87.67058, 42.05595], [-87.67052, 42.05618], [-87.67055, 42.05638], [-87.67069, 42.05643], [-87.6707, 42.05658], [-87.67078, 42.05665], [-87.67089, 42.05667], [-87.67093, 42.05676], [-87.67119, 42.05682], [-87.67133, 42.05682], [-87.6714, 42.05687], [-87.67151, 42.05705], [-87.67146, 42.05707], [-87.67153, 42.05724], [-87.67148, 42.05726], [-87.67168, 42.05741], [-87.67163, 42.05748], [-87.67142, 42.05758], [-87.67138, 42.05765], [-87.6714, 42.05781], [-87.6715, 42.05788], [-87.67151, 42.05795], [-87.67155, 42.05791], [-87.67146, 42.05768], [-87.67151, 42.05759], [-87.6716, 42.05754], [-87.67157, 42.05742], [-87.67152, 42.05737], [-87.67154, 42.0573], [-87.67146, 42.05712], [-87.67147, 42.05703], [-87.67142, 42.05697], [-87.6715, 42.05683], [-87.67113, 42.05683], [-87.67102, 42.05676], [-87.67083, 42.05677], [-87.67033, 42.05732], [-87.67027, 42.05732], [-87.6703, 42.05735], [-87.67032, 42.05751], [-87.67026, 42.05763], [-87.67023, 42.05796], [-87.67018, 42.05812], [-87.67015, 42.05862], [-87.67017, 42.05874], [-87.67012, 42.05881], [-87.6702, 42.05904], [-87.6703, 42.0591], [-87.67064, 42.05905], [-87.67094, 42.05909], [-87.67112, 42.05907], [-87.67122, 42.0591], [-87.67132, 42.05918], [-87.6715, 42.05909], [-87.67151, 42.05905], [-87.67212, 42.05906], [-87.67234, 42.05909], [-87.67238, 42.05908], [-87.67235, 42.05905], [-87.67293, 42.05903], [-87.6739, 42.05904], [-87.67406, 42.05892], [-87.67414, 42.05875], [-87.6742, 42.05872], [-87.67417, 42.05871], [-87.67419, 42.05869], [-87.67437, 42.05875], [-87.67459, 42.05896], [-87.67471, 42.05902], [-87.6748, 42.05902], [-87.67483, 42.05895], [-87.67476, 42.05859], [-87.67478, 42.05848], [-87.67473, 42.05837], [-87.67472, 42.05821], [-87.67478, 42.05806], [-87.67475, 42.05803], [-87.67478, 42.05795], [-87.67475, 42.05736], [-87.67427, 42.05707], [-87.67417, 42.05687], [-87.67416, 42.05664], [-87.6742, 42.05648], [-87.67416, 42.05624], [-87.67418, 42.05607], [-87.67415, 42.05602], [-87.67417, 42.05571], [-87.6741, 42.05559], [-87.674, 42.0555], [-87.67396, 42.05497], [-87.6739, 42.05492], [-87.67395, 42.05492], [-87.67397, 42.05486], [-87.67402, 42.05451], [-87.67399, 42.05434], [-87.67386, 42.05418], [-87.6737, 42.05405], [-87.67343, 42.05391], [-87.67334, 42.05389], [-87.67321, 42.0538], [-87.67239, 42.05373], [-87.67233, 42.05369], [-87.67235, 42.05355], [-87.67221, 42.05336], [-87.67206, 42.0533], [-87.67187, 42.0533], [-87.6719, 42.0532], [-87.6717, 42.05294], [-87.67168, 42.05289], [-87.67173, 42.05281], [-87.67159, 42.05261], [-87.67124, 42.0525], [-87.67118, 42.05244], [-87.67116, 42.05212], [-87.67113, 42.05202], [-87.6711, 42.052], [-87.67113, 42.05197], [-87.67113, 42.0518], [-87.67119, 42.05165], [-87.67122, 42.0513], [-87.67138, 42.05134], [-87.67143, 42.05132], [-87.67185, 42.05145], [-87.67197, 42.05162], [-87.67209, 42.05168], [-87.67214, 42.05174], [-87.6722, 42.05195], [-87.67232, 42.0521], [-87.67242, 42.05236], [-87.67258, 42.05253], [-87.67267, 42.05256], [-87.67267, 42.05259], [-87.67276, 42.05258], [-87.67282, 42.0525], [-87.67288, 42.05254], [-87.67296, 42.05242], [-87.67333, 42.05254], [-87.67335, 42.05252], [-87.67342, 42.05257], [-87.67349, 42.05253], [-87.67343, 42.05252], [-87.67355, 42.05245], [-87.6737, 42.0523], [-87.67395, 42.05236], [-87.67403, 42.05242], [-87.67454, 42.05247], [-87.67475, 42.05252], [-87.67483, 42.0526], [-87.67484, 42.05265], [-87.67502, 42.05275], [-87.6751, 42.05283], [-87.67553, 42.05276], [-87.67571, 42.05284], [-87.67581, 42.05285], [-87.67578, 42.05286], [-87.67575, 42.05304], [-87.67574, 42.05317], [-87.67577, 42.05326], [-87.67573, 42.05319], [-87.67575, 42.05319], [-87.67579, 42.05304], [-87.67574, 42.05277], [-87.67576, 42.05277], [-87.67577, 42.05265], [-87.67592, 42.05253], [-87.67598, 42.05242], [-87.67597, 42.05236], [-87.67588, 42.05229], [-87.67571, 42.05201], [-87.67577, 42.05173], [-87.6758, 42.05166], [-87.67587, 42.05162], [-87.67586, 42.05159], [-87.67606, 42.0516], [-87.67624, 42.05171], [-87.67638, 42.05171], [-87.67666, 42.05154], [-87.67676, 42.05151], [-87.67709, 42.0513], [-87.67708, 42.05128], [-87.677, 42.05132], [-87.67711, 42.05123], [-87.67717, 42.05125], [-87.67741, 42.05123], [-87.67746, 42.05117], [-87.67745, 42.05111], [-87.67779, 42.05107], [-87.67848, 42.05111], [-87.67881, 42.05104], [-87.67887, 42.05114], [-87.67891, 42.05112], [-87.67917, 42.05116], [-87.67927, 42.05122], [-87.67951, 42.0512], [-87.67963, 42.05123], [-87.67969, 42.05133], [-87.67986, 42.05133], [-87.68, 42.05127], [-87.68001, 42.05123], [-87.67995, 42.05109], [-87.68003, 42.05105], [-87.68004, 42.05094], [-87.68011, 42.05084], [-87.68009, 42.05081], [-87.6802, 42.05076], [-87.68024, 42.05069], [-87.68022, 42.05067], [-87.68037, 42.05047], [-87.68053, 42.0504], [-87.68099, 42.05034], [-87.68105, 42.05026], [-87.68115, 42.05024], [-87.68151, 42.05003], [-87.68163, 42.05002], [-87.68166, 42.04995], [-87.68163, 42.04988], [-87.6817, 42.0498], [-87.68168, 42.04971], [-87.68169, 42.04947], [-87.68175, 42.04941], [-87.68169, 42.04928], [-87.68171, 42.04895], [-87.68168, 42.04858], [-87.68173, 42.0485], [-87.6817, 42.04839], [-87.68177, 42.04832], [-87.682, 42.04827], [-87.68199, 42.04791], [-87.68206, 42.04791], [-87.68204, 42.04792], [-87.68208, 42.04793], [-87.68204, 42.04793], [-87.68211, 42.04796], [-87.68216, 42.04796], [-87.68215, 42.04793], [-87.68221, 42.04797], [-87.68199, 42.04789], [-87.68197, 42.04713], [-87.68201, 42.04705], [-87.68197, 42.04695], [-87.68202, 42.04687], [-87.68197, 42.04674], [-87.68198, 42.0466], [-87.68193, 42.04614], [-87.682, 42.04611], [-87.68209, 42.046], [-87.68201, 42.04591], [-87.68199, 42.04582], [-87.68213, 42.0457], [-87.6824, 42.04562], [-87.68278, 42.04564], [-87.68348, 42.04561], [-87.68239, 42.04563], [-87.68227, 42.04571], [-87.6821, 42.04566], [-87.68202, 42.04576], [-87.68205, 42.04594], [-87.68203, 42.04598], [-87.68207, 42.04609], [-87.682, 42.04614], [-87.68201, 42.04624], [-87.68197, 42.04641], [-87.68199, 42.04677], [-87.68257, 42.04692], [-87.68292, 42.04696], [-87.68297, 42.04698], [-87.68297, 42.04708], [-87.68304, 42.04711], [-87.68341, 42.04711], [-87.68339, 42.04772], [-87.68342, 42.04779], [-87.68352, 42.04785], [-87.68347, 42.04785], [-87.68358, 42.04788], [-87.68365, 42.04787], [-87.68362, 42.04785], [-87.68399, 42.04787], [-87.68406, 42.04779], [-87.68401, 42.04777], [-87.68418, 42.04778], [-87.68427, 42.04771], [-87.68443, 42.04767], [-87.68443, 42.04756], [-87.68429, 42.04734], [-87.68434, 42.04738], [-87.68442, 42.0476], [-87.68452, 42.04771], [-87.68455, 42.04768], [-87.68465, 42.04778], [-87.68473, 42.0479], [-87.68472, 42.04793], [-87.6848, 42.04796], [-87.68487, 42.04804], [-87.68501, 42.04804], [-87.68495, 42.04798]]}}, {"type": "Feature", "properties": {"name": "Buckingham Fountain South Loop walk", "source": "Buckingham_Fountain_South_Loop_walk.gpx", "points": 316}, "geometry": {"type": "LineString", "coordinates": [[-87.63555, 41.88211], [-87.63552, 41.88221], [-87.63549, 41.88219], [-87.6355, 41.88223], [-87.63545, 41.88215], [-87.63528, 41.88205], [-87.63522, 41.88206], [-87.63514, 41.88212], [-87.6351, 41.88208], [-87.63506, 41.88188], [-87.63492, 41.88184], [-87.63446, 41.88186], [-87.63434, 41.882], [-87.63423, 41.88196], [-87.63407, 41.882], [-87.63365, 41.88198], [-87.63331, 41.88191], [-87.63283, 41.88187], [-87.63241, 41.88188], [-87.63213, 41.88194], [-87.6319, 41.88195], [-87.63112, 41.88189], [-87.63099, 41.88192], [-87.631, 41.88189], [-87.63097, 41.88202], [-87.63104, 41.8828], [-87.63102, 41.8832], [-87.63107, 41.88351], [-87.63106, 41.88403], [-87.63102, 41.88404], [-87.63109, 41.88413], [-87.6311, 41.88419], [-87.63106, 41.88436], [-87.63088, 41.8843], [-87.62972, 41.88433], [-87.62961, 41.88432], [-87.6296, 41.8843], [-87.62955, 41.88432], [-87.62949, 41.88423], [-87.62938, 41.88436], [-87.62917, 41.88439], [-87.62855, 41.88437], [-87.62778, 41.88441], [-87.62725, 41.88439], [-87.62693, 41.88442], [-87.62658, 41.88437], [-87.62671, 41.88434], [-87.62663, 41.88432], [-87.6266, 41.88437], [-87.6266, 41.88429], [-87.62668, 41.88423], [-87.62668, 41.88417], [-87.62663, 41.88428], [-87.62662, 41.88441], [-87.62645, 41.88436], [-87.62638, 41.88429], [-87.62636, 41.88397], [-87.62631, 41.88381], [-87.6259, 41.88429], [-87.6258, 41.88436], [-87.62573, 41.88439], [-87.6253, 41.88438], [-87.62531, 41.88447], [-87.62525, 41.88458], [-87.62532, 41.88463], [-87.62529, 41.88468], [-87.62527, 41.88466], [-87.62531, 41.88466], [-87.6253, 41.88475], [-87.62498, 41.88459], [-87.6262, 41.88202], [-87.62531, 41.88461], [-87.6262, 41.88202], [-87.62531, 41.88461], [-87.62523, 41.88451], [-87.62499, 41.88459], [-87.6262, 41.88202], [-87.62526, 41.88447], [-87.62491, 41.88462], [-87.62503, 41.88455], [-87.62524, 41.88452], [-87.62526, 41.88448], [-87.62529, 41.8845], [-87.62529, 41.88448], [-87.62529, 41.88457], [-87.62482, 41.88457], [-87.62453, 41.88464], [-87.6245, 41.88459], [-87.62454, 41.88455], [-87.62456, 41.88435], [-87.62455, 41.88425], [-87.62453, 41.88424], [-87.62456, 41.88419], [-87.6245, 41.88402], [-87.62456, 41.88377], [-87.62466, 41.88363], [-87.62468, 41.88335], [-87.62462, 41.88333], [-87.62461, 41.88331], [-87.62464, 41.88331], [-87.62433, 41.88334], [-87.62403, 41.88327], [-87.62412, 41.8833], [-87.62411, 41.88334], [-87.62349, 41.88332], [-87.62345, 41.88328], [-87.62326, 41.88328], [-87.62325, 41.88324], [-87.62328, 41.88319], [-87.62323, 41.88314], [-87.62299, 41.88314], [-87.62297, 41.8831], [-87.623, 41.88297], [-87.62307, 41.88291], [-87.62313, 41.88293], [-87.62323, 41.88282], [-87.62331, 41.8828], [-87.62335, 41.88274], [-87.62332, 41.88273], [-87.62333, 41.88262], [-87.62324, 41.88251], [-87.62324, 41.88245], [-87.62323, 41.88248], [-87.62311, 41.88248], [-87.62296, 41.88244], [-87.62293, 41.88241], [-87.623, 41.88236], [-87.62292, 41.88217], [-87.62274, 41.88214], [-87.62268, 41.88208], [-87.62243, 41.88205], [-87.62244, 41.88198], [-87.6226, 41.88184], [-87.62259, 41.88147], [-87.62262, 41.88144], [-87.62259, 41.88137], [-87.62259, 41.88116], [-87.62262, 41.88095], [-87.62266, 41.88093], [-87.62261, 41.8809], [-87.62258, 41.88083], [-87.62258, 41.88042], [-87.62254, 41.88036], [-87.62237, 41.88038], [-87.62236, 41.88035], [-87.62241, 41.88034], [-87.6224, 41.88045], [-87.6224, 41.88037], [-87.62236, 41.88041], [-87.6224, 41.88055], [-87.6225, 41.88061], [-87.62252, 41.88067], [-87.62245, 41.88077], [-87.62236, 41.88075], [-87.62217, 41.88076], [-87.62146, 41.8807], [-87.62098, 41.88076], [-87.62064, 41.88074], [-87.62061, 41.88063], [-87.62044, 41.88061], [-87.62035, 41.88055], [-87.62023, 41.88037], [-87.61999, 41.88024], [-87.62, 41.88004], [-87.61987, 41.87986], [-87.61982, 41.87973], [-87.61952, 41.87969], [-87.61939, 41.87963], [-87.61912, 41.87943], [-87.61899, 41.87928], [-87.6189, 41.87908], [-87.61887, 41.87876], [-87.61888, 41.87851], [-87.61885, 41.87837], [-87.61889, 41.87833], [-87.61885, 41.87794], [-87.61886, 41.87731], [-87.61887, 41.87726], [-87.61891, 41.87724], [-87.61896, 41.87694], [-87.61898, 41.87689], [-87.61908, 41.87683], [-87.61907, 41.87675], [-87.61909, 41.8767], [-87.61904, 41.87666], [-87.61894, 41.87666], [-87.6188, 41.87674], [-87.61875, 41.87683], [-87.61867, 41.87685], [-87.61878, 41.87679], [-87.61865, 41.87661], [-87.61871, 41.87648], [-87.61867, 41.87641], [-87.61859, 41.87642], [-87.61831, 41.87593], [-87.61831, 41.87586], [-87.61834, 41.8758], [-87.61832, 41.87574], [-87.6184, 41.87564], [-87.61845, 41.87549], [-87.61859, 41.87533], [-87.61857, 41.8753], [-87.61873, 41.87517], [-87.61896, 41.87508], [-87.619, 41.87499], [-87.61944, 41.87498], [-87.61968, 41.87517], [-87.61969, 41.87531], [-87.61977, 41.87537], [-87.6198, 41.87568], [-87.6199, 41.87571], [-87.62018, 41.8759], [-87.6207, 41.87598], [-87.6209, 41.87612], [-87.62248, 41.87611], [-87.62258, 41.87605], [-87.6234, 41.87601], [-87.62402, 41.87589], [-87.62407, 41.87589], [-87.62411, 41.87595], [-87.62423, 41.87583], [-87.6245, 41.87586], [-87.62447, 41.87556], [-87.62477, 41.87558], [-87.62481, 41.87564], [-87.62491, 41.87558], [-87.62515, 41.87564], [-87.62526, 41.87563], [-87.62544, 41.87571], [-87.62551, 41.87571], [-87.62562, 41.87562], [-87.62589, 41.87559], [-87.62591, 41.87556], [-87.6259, 41.87534], [-87.62593, 41.87533], [-87.62589, 41.87526], [-87.62589, 41.8749], [-87.62596, 41.87453], [-87.62594, 41.87422], [-87.62597, 41.8742], [-87.6259, 41.87411], [-87.62591, 41.87379], [-87.62584, 41.8733], [-87.6259, 41.87311], [-87.62589, 41.87297], [-87.62584, 41.87283], [-87.62582, 41.87242], [-87.62582, 41.87232], [-87.62592, 41.87226], [-87.62583, 41.87209], [-87.62581, 41.87195], [-87.62579, 41.87174], [-87.62585, 41.87171], [-87.6258, 41.87152], [-87.62575, 41.87104], [-87.62575, 41.8706], [-87.62587, 41.87047], [-87.62578, 41.87037], [-87.62573, 41.86995], [-87.62573, 41.86946], [-87.62576, 41.86946], [-87.62572, 41.86937], [-87.62572, 41.86892], [-87.62575, 41.86872], [-87.62569, 41.86789], [-87.62562, 41.86788], [-87.6255, 41.86794], [-87.62539, 41.86793], [-87.62537, 41.86785], [-87.62544, 41.86784], [-87.62537, 41.86787], [-87.62537, 41.86778], [-87.62533, 41.86779], [-87.62528, 41.86774], [-87.62527, 41.86765], [-87.6253, 41.86765], [-87.6253, 41.86762], [-87.62536, 41.86769], [-87.62557, 41.86776], [-87.62552, 41.8678], [-87.6255, 41.86776], [-87.62549, 41.86781], [-87.62542, 41.86773], [-87.62532, 41.86771], [-87.62534, 41.86775], [-87.62536, 41.86771], [-87.62535, 41.86774], [-87.62542, 41.86776], [-87.6254, 41.86778], [-87.6254, 41.86776], [-87.62537, 41.86775], [-87.62538, 41.86777], [-87.62536, 41.8677], [-87.62538, 41.86773], [-87.6254, 41.86771], [-87.62534, 41.86779], [-87.62537, 41.8678], [-87.62536, 41.86777], [-87.62534, 41.86779], [-87.62535, 41.86783], [-87.62535, 41.8678], [-87.62557, 41.86783], [-87.62554, 41.86772], [-87.62548, 41.86781], [-87.6253, 41.86783], [-87.62528, 41.86778], [-87.62522, 41.86776], [-87.62518, 41.86778], [-87.6252, 41.86785], [-87.62526, 41.86792], [-87.62523, 41.86789], [-87.62518, 41.86795], [-87.62514, 41.86794], [-87.62744, 41.86762], [-87.62718, 41.86758], [-87.62687, 41.86762]]}}, {"type": "Feature", "properties": {"name": "Buy Cubs Merch from Target", "source": "Buy_Cubs_Merch_from_Target.gpx", "points": 142}, "geometry": {"type": "LineString", "coordinates": [[-87.64207, 41.88182], [-87.6423, 41.88214], [-87.64221, 41.88227], [-87.64222, 41.88223], [-87.64202, 41.88229], [-87.64141, 41.88183], [-87.64128, 41.88161], [-87.64093, 41.88171], [-87.64042, 41.88175], [-87.64003, 41.88183], [-87.6398, 41.88182], [-87.63956, 41.88174], [-87.63913, 41.8818], [-87.6387, 41.8818], [-87.63858, 41.88171], [-87.63848, 41.88178], [-87.63745, 41.88181], [-87.6368, 41.8819], [-87.6359, 41.88182], [-87.63583, 41.88188], [-87.63559, 41.88191], [-87.63483, 41.88188], [-87.63464, 41.88195], [-87.63409, 41.88205], [-87.63402, 41.88199], [-87.63402, 41.88195], [-87.63376, 41.88191], [-87.63373, 41.88183], [-87.63347, 41.88187], [-87.63329, 41.88182], [-87.63315, 41.88182], [-87.63308, 41.8818], [-87.63293, 41.88166], [-87.63271, 41.88175], [-87.63277, 41.88187], [-87.63249, 41.88185], [-87.63217, 41.88194], [-87.63153, 41.88189], [-87.63099, 41.88192], [-87.63078, 41.88186], [-87.62971, 41.88195], [-87.62946, 41.88193], [-87.62933, 41.88186], [-87.62924, 41.88185], [-87.62881, 41.88192], [-87.62792, 41.88195], [-87.62784, 41.88191], [-87.62757, 41.88188], [-87.62759, 41.8819], [-87.62747, 41.88192], [-87.6275, 41.88188], [-87.62754, 41.88191], [-87.62749, 41.88188], [-87.62751, 41.88192], [-87.62754, 41.88192], [-87.62754, 41.8819], [-87.62746, 41.88188], [-87.62744, 41.88186], [-87.62748, 41.88189], [-87.62754, 41.88187], [-87.6275, 41.88184], [-87.62746, 41.88186], [-87.62747, 41.8819], [-87.62754, 41.88192], [-87.62748, 41.8819], [-87.62748, 41.88193], [-87.62759, 41.88183], [-87.62743, 41.88171], [-87.62745, 41.88163], [-87.62742, 41.88157], [-87.62748, 41.88154], [-87.62744, 41.88152], [-87.6275, 41.88145], [-87.62748, 41.88135], [-87.62754, 41.88138], [-87.62771, 41.8829], [-87.6278, 41.88311], [-87.62781, 41.88316], [-87.62779, 41.88316], [-87.62781, 41.88308], [-87.62798, 41.88284], [-87.62794, 41.88288], [-87.62796, 41.88291], [-87.62814, 41.88303], [-87.62844, 41.88335], [-87.62853, 41.8834], [-87.62867, 41.88344], [-87.62938, 41.88348], [-87.62933, 41.88346], [-87.62933, 41.88335], [-87.6295, 41.8834], [-87.62968, 41.88334], [-87.63066, 41.8834], [-87.63079, 41.88333], [-87.63105, 41.88327], [-87.63133, 41.88329], [-87.63137, 41.88323], [-87.63218, 41.88323], [-87.6323, 41.88325], [-87.63237, 41.88316], [-87.63261, 41.8831], [-87.63268, 41.88315], [-87.63293, 41.88315], [-87.63345, 41.88324], [-87.63396, 41.88325], [-87.63465, 41.8833], [-87.63526, 41.88327], [-87.6352, 41.88323], [-87.63542, 41.88328], [-87.63614, 41.88329], [-87.63627, 41.88326], [-87.63659, 41.88327], [-87.63676, 41.88324], [-87.63729, 41.88329], [-87.63751, 41.88325], [-87.63814, 41.88323], [-87.63811, 41.88318], [-87.63805, 41.88316], [-87.63781, 41.88322], [-87.63786, 41.88329], [-87.6387, 41.88309], [-87.63894, 41.88311], [-87.63919, 41.88309], [-87.63959, 41.88313], [-87.63963, 41.8831], [-87.63965, 41.88303], [-87.63985, 41.88286], [-87.63988, 41.88269], [-87.63976, 41.88245], [-87.63968, 41.88243], [-87.63965, 41.88238], [-87.63954, 41.88235], [-87.63964, 41.88202], [-87.63984, 41.88207], [-87.64017, 41.88198], [-87.64049, 41.882], [-87.64065, 41.88196], [-87.64105, 41.88197], [-87.64121, 41.8819], [-87.64139, 41.88177], [-87.64187, 41.88177], [-87.64193, 41.88175]]}}, {"type": "Feature", "properties": {"name": "CBOT FED Rookery Marqyette MCP", "source": "CBOT_FED_Rookery_Marqyette_MCP.gpx", "points": 853}, "geometry": {"type": "LineString", "coordinates": [[-87.64199, 41.88131], [-87.64223, 41.88134], [-87.64238, 41.88139], [-87.64247, 41.88138], [-87.64249, 41.88141], [-87.64247, 41.88143], [-87.64226, 41.8814], [-87.64229, 41.88146], [-87.64226, 41.88146], [-87.64227, 41.88149], [-87.64221, 41.88149], [-87.64201, 41.8816], [-87.64234, 41.88159], [-87.64246, 41.88158], [-87.6425, 41.88154], [-87.64248, 41.88146], [-87.64252, 41.88124], [-87.64249, 41.88111], [-87.64253, 41.88087], [-87.64251, 41.88059], [-87.64242, 41.88042], [-87.64246, 41.88035], [-87.6425, 41.87997], [-87.64247, 41.87939], [-87.64243, 41.87935], [-87.64218, 41.87934], [-87.64201, 41.87936], [-87.64113, 41.87936], [-87.64096, 41.87932], [-87.641, 41.87922], [-87.64101, 41.87915], [-87.641, 41.87918], [-87.64097, 41.87913], [-87.64102, 41.87902], [-87.641, 41.87831], [-87.64103, 41.87821], [-87.64126, 41.87804], [-87.64119, 41.87773], [-87.64115, 41.87706], [-87.64111, 41.87708], [-87.64105, 41.87687], [-87.64106, 41.87678], [-87.64099, 41.87674], [-87.64056, 41.87665], [-87.64029, 41.87665], [-87.64033, 41.87652], [-87.64067, 41.87609], [-87.64059, 41.87607], [-87.64051, 41.87595], [-87.63984, 41.87598], [-87.63975, 41.87602], [-87.63969, 41.87613], [-87.63945, 41.8763], [-87.63925, 41.87636], [-87.63895, 41.87639], [-87.63814, 41.87655], [-87.63805, 41.87662], [-87.6378, 41.87667], [-87.63764, 41.87675], [-87.63691, 41.87676], [-87.63681, 41.8767], [-87.63679, 41.87673], [-87.63669, 41.87668], [-87.63647, 41.87665], [-87.63629, 41.87673], [-87.636, 41.87666], [-87.63576, 41.87668], [-87.63567, 41.87678], [-87.63562, 41.8768], [-87.63528, 41.87675], [-87.63498, 41.87677], [-87.63469, 41.87674], [-87.6341, 41.87677], [-87.63376, 41.87685], [-87.63329, 41.8768], [-87.63223, 41.8768], [-87.63221, 41.87695], [-87.63195, 41.87695], [-87.6319, 41.87701], [-87.63188, 41.87729], [-87.63195, 41.87746], [-87.63196, 41.87761], [-87.63189, 41.87778], [-87.63188, 41.87803], [-87.63214, 41.87806], [-87.63218, 41.87803], [-87.63214, 41.878], [-87.63218, 41.87795], [-87.63224, 41.87794], [-87.63222, 41.87799], [-87.63222, 41.87795], [-87.63224, 41.87795], [-87.63222, 41.87797], [-87.63224, 41.87796], [-87.6322, 41.87795], [-87.63222, 41.87798], [-87.63223, 41.87797], [-87.63222, 41.87799], [-87.63223, 41.87793], [-87.6322, 41.87798], [-87.63226, 41.87796], [-87.63222, 41.87794], [-87.63225, 41.87798], [-87.63222, 41.87796], [-87.63222, 41.87798], [-87.63222, 41.87795], [-87.63221, 41.87798], [-87.63223, 41.87795], [-87.63216, 41.87799], [-87.63216, 41.87795], [-87.63214, 41.878], [-87.63224, 41.87795], [-87.63216, 41.87799], [-87.63218, 41.87798], [-87.63217, 41.87801], [-87.63217, 41.87797], [-87.63213, 41.87803], [-87.63215, 41.87801], [-87.63213, 41.878], [-87.63218, 41.87799], [-87.63212, 41.878], [-87.6322, 41.87796], [-87.63218, 41.87795], [-87.63219, 41.87797], [-87.63231, 41.87792], [-87.63226, 41.87762], [-87.63219, 41.87765], [-87.63203, 41.8776], [-87.63206, 41.87753], [-87.63218, 41.87758], [-87.63223, 41.87783], [-87.63226, 41.87783], [-87.63221, 41.87791], [-87.63221, 41.87802], [-87.63245, 41.87805], [-87.63245, 41.87809], [-87.6323, 41.87803], [-87.63235, 41.87832], [-87.63246, 41.87836], [-87.63245, 41.87844], [-87.63255, 41.8784], [-87.6326, 41.8783], [-87.63238, 41.87829], [-87.63236, 41.87831], [-87.63249, 41.87826], [-87.63245, 41.87826], [-87.63245, 41.8783], [-87.63243, 41.87826], [-87.6324, 41.87826], [-87.63237, 41.87829], [-87.63241, 41.87828], [-87.63239, 41.8783], [-87.63246, 41.87825], [-87.63238, 41.87827], [-87.63236, 41.87825], [-87.63247, 41.87824], [-87.63239, 41.87826], [-87.63246, 41.87826], [-87.63257, 41.87823], [-87.6324, 41.87827], [-87.63249, 41.87823], [-87.63243, 41.87826], [-87.63253, 41.87826], [-87.63266, 41.87821], [-87.63251, 41.87826], [-87.63271, 41.87823], [-87.63246, 41.87827], [-87.63262, 41.87823], [-87.63263, 41.87826], [-87.63255, 41.87824], [-87.63259, 41.87821], [-87.63263, 41.87823], [-87.63248, 41.87824], [-87.63261, 41.87823], [-87.63264, 41.87825], [-87.63261, 41.87821], [-87.63259, 41.87825], [-87.63262, 41.87821], [-87.63258, 41.8782], [-87.63262, 41.87819], [-87.63262, 41.87824], [-87.63266, 41.87823], [-87.63262, 41.8782], [-87.63262, 41.87823], [-87.63256, 41.87825], [-87.63261, 41.87823], [-87.63261, 41.8782], [-87.6326, 41.87825], [-87.63263, 41.87819], [-87.6326, 41.87824], [-87.63275, 41.87822], [-87.63262, 41.87821], [-87.63265, 41.87818], [-87.63267, 41.87828], [-87.63258, 41.87822], [-87.63266, 41.87821], [-87.6327, 41.87824], [-87.63259, 41.87824], [-87.63273, 41.87825], [-87.63261, 41.87822], [-87.63271, 41.8782], [-87.6326, 41.87822], [-87.63265, 41.87827], [-87.63261, 41.87822], [-87.63269, 41.87821], [-87.63261, 41.87823], [-87.63265, 41.87825], [-87.63259, 41.87823], [-87.63264, 41.87824], [-87.63261, 41.87823], [-87.63262, 41.87826], [-87.6326, 41.87821], [-87.63264, 41.87823], [-87.63261, 41.87827], [-87.63275, 41.87822], [-87.63269, 41.87825], [-87.63275, 41.87822], [-87.6326, 41.87821], [-87.63264, 41.87824], [-87.63262, 41.8782], [-87.63258, 41.87824], [-87.63283, 41.87821], [-87.63274, 41.87824], [-87.63276, 41.87823], [-87.63273, 41.87822], [-87.63274, 41.8782], [-87.63275, 41.8783], [-87.63278, 41.87817], [-87.63267, 41.87828], [-87.63272, 41.87826], [-87.63272, 41.87821], [-87.63264, 41.87819], [-87.63274, 41.87825], [-87.63272, 41.87817], [-87.63265, 41.87818], [-87.63273, 41.87828], [-87.63273, 41.87821], [-87.63276, 41.87821], [-87.63272, 41.8782], [-87.63271, 41.87816], [-87.63263, 41.8782], [-87.63277, 41.87825], [-87.63272, 41.87829], [-87.63271, 41.87821], [-87.63277, 41.87837], [-87.63274, 41.87836], [-87.63276, 41.87837], [-87.63277, 41.87832], [-87.63274, 41.87834], [-87.63277, 41.87835], [-87.63277, 41.87832], [-87.6327, 41.87822], [-87.63256, 41.87821], [-87.63258, 41.87823], [-87.63247, 41.87835], [-87.63241, 41.87835], [-87.63232, 41.87845], [-87.63228, 41.8787], [-87.63235, 41.87878], [-87.63238, 41.87918], [-87.63232, 41.8792], [-87.63238, 41.87919], [-87.63218, 41.87917], [-87.63188, 41.87908], [-87.63178, 41.87914], [-87.63181, 41.87915], [-87.63183, 41.87911], [-87.63189, 41.87907], [-87.63201, 41.87905], [-87.63218, 41.87913], [-87.63225, 41.87942], [-87.63225, 41.87948], [-87.63221, 41.8795], [-87.63222, 41.87954], [-87.63236, 41.87957], [-87.63233, 41.87969], [-87.63263, 41.87982], [-87.63221, 41.87993], [-87.63139, 41.87966], [-87.63131, 41.87962], [-87.63133, 41.8796], [-87.63131, 41.87956], [-87.63106, 41.87958], [-87.63099, 41.87964], [-87.63103, 41.87975], [-87.63094, 41.87977], [-87.63094, 41.87983], [-87.63087, 41.87983], [-87.63079, 41.87989], [-87.6305, 41.87984], [-87.63044, 41.87978], [-87.63022, 41.87976], [-87.6301, 41.87978], [-87.62999, 41.87984], [-87.62995, 41.87981], [-87.62986, 41.87981], [-87.62985, 41.8798], [-87.62989, 41.87981], [-87.62984, 41.87976], [-87.6296, 41.87978], [-87.62961, 41.87986], [-87.62958, 41.87985], [-87.62958, 41.87989], [-87.6296, 41.87983], [-87.62956, 41.87979], [-87.62959, 41.87972], [-87.62953, 41.87971], [-87.62948, 41.87976], [-87.62952, 41.87984], [-87.62954, 41.87981], [-87.62943, 41.87979], [-87.6294, 41.8797], [-87.62941, 41.87975], [-87.62935, 41.87975], [-87.62939, 41.87967], [-87.62945, 41.87967], [-87.62929, 41.87955], [-87.62922, 41.87908], [-87.62923, 41.87894], [-87.62931, 41.87876], [-87.62933, 41.87819], [-87.62937, 41.87809], [-87.62956, 41.87812], [-87.62969, 41.8781], [-87.62963, 41.8781], [-87.62953, 41.87805], [-87.62941, 41.87778], [-87.62947, 41.87765], [-87.62959, 41.87755], [-87.62954, 41.87743], [-87.62955, 41.87729], [-87.62944, 41.87712], [-87.6295, 41.87708], [-87.62929, 41.87695], [-87.62933, 41.87694], [-87.62921, 41.87679], [-87.62915, 41.87678], [-87.62903, 41.87682], [-87.62879, 41.87685], [-87.62874, 41.8768], [-87.62873, 41.87675], [-87.62868, 41.87676], [-87.62852, 41.87687], [-87.6286, 41.877], [-87.62851, 41.87703], [-87.62851, 41.87708], [-87.62834, 41.87714], [-87.62828, 41.87722], [-87.62787, 41.87707], [-87.62759, 41.87687], [-87.62699, 41.87689], [-87.62658, 41.87688], [-87.62652, 41.87686], [-87.62642, 41.87688], [-87.6261, 41.87684], [-87.62608, 41.87688], [-87.62597, 41.87689], [-87.62592, 41.87673], [-87.62594, 41.8766], [-87.62591, 41.87629], [-87.62593, 41.87604], [-87.62569, 41.87574], [-87.62554, 41.87575], [-87.62546, 41.87583], [-87.62532, 41.87579], [-87.62485, 41.8758], [-87.62448, 41.87576], [-87.62452, 41.87567], [-87.6244, 41.8753], [-87.62441, 41.8751], [-87.62445, 41.87507], [-87.62447, 41.87494], [-87.62445, 41.87433], [-87.62448, 41.8743], [-87.62444, 41.87425], [-87.62447, 41.87416], [-87.62453, 41.87417], [-87.62449, 41.87418], [-87.62452, 41.87418], [-87.62451, 41.87422], [-87.62442, 41.87425], [-87.62451, 41.87427], [-87.62449, 41.87428], [-87.62452, 41.87431], [-87.62449, 41.87432], [-87.62459, 41.87433], [-87.62457, 41.87429], [-87.62452, 41.8743], [-87.62455, 41.87427], [-87.62469, 41.87442], [-87.62467, 41.87445], [-87.6246, 41.87441], [-87.62464, 41.87437], [-87.62466, 41.87439], [-87.6246, 41.87434], [-87.62462, 41.87427], [-87.62459, 41.87428], [-87.62469, 41.87426], [-87.62473, 41.87434], [-87.62472, 41.87444], [-87.62484, 41.87453], [-87.62495, 41.87441], [-87.62489, 41.87443], [-87.62484, 41.8744], [-87.62482, 41.87443], [-87.62479, 41.87434], [-87.62471, 41.87438], [-87.62462, 41.87434], [-87.62453, 41.87437], [-87.62461, 41.87432], [-87.62457, 41.87432], [-87.62455, 41.87426], [-87.62445, 41.87424], [-87.62446, 41.87419], [-87.62447, 41.87427], [-87.62445, 41.87425], [-87.62443, 41.87431], [-87.62449, 41.87436], [-87.62583, 41.87434], [-87.62585, 41.87394], [-87.62583, 41.87344], [-87.62587, 41.87322], [-87.62625, 41.87319], [-87.6274, 41.87316], [-87.62743, 41.87296], [-87.62742, 41.87244], [-87.62744, 41.87238], [-87.62762, 41.8724], [-87.62807, 41.87235], [-87.62865, 41.8724], [-87.62937, 41.87237], [-87.62954, 41.87236], [-87.62957, 41.87233], [-87.62955, 41.8721], [-87.62958, 41.87208], [-87.62954, 41.87196], [-87.62958, 41.87186], [-87.62953, 41.87168], [-87.62951, 41.87128], [-87.62937, 41.87102], [-87.62919, 41.871], [-87.62916, 41.87092], [-87.62901, 41.87086], [-87.62891, 41.87071], [-87.62873, 41.87063], [-87.62878, 41.8705], [-87.62869, 41.87034], [-87.62865, 41.87016], [-87.62869, 41.86987], [-87.62864, 41.86974], [-87.62869, 41.86948], [-87.62863, 41.86905], [-87.62864, 41.86887], [-87.62868, 41.86883], [-87.62864, 41.8687], [-87.6287, 41.86862], [-87.62944, 41.86863], [-87.62954, 41.86846], [-87.62964, 41.8685], [-87.6298, 41.86851], [-87.6302, 41.86847], [-87.63031, 41.86835], [-87.63033, 41.86826], [-87.6303, 41.86808], [-87.63034, 41.86786], [-87.63032, 41.86765], [-87.63016, 41.86754], [-87.62951, 41.8676], [-87.6295, 41.86765], [-87.62954, 41.86776], [-87.62954, 41.86786], [-87.62947, 41.86808], [-87.62947, 41.86824], [-87.62952, 41.86832], [-87.62953, 41.86842], [-87.62951, 41.8685], [-87.62944, 41.86854], [-87.62941, 41.86864], [-87.62913, 41.86865], [-87.62888, 41.86861], [-87.62861, 41.86865], [-87.6286, 41.86863], [-87.62863, 41.86847], [-87.6286, 41.86832], [-87.62864, 41.86822], [-87.6286, 41.86754], [-87.62866, 41.86728], [-87.62861, 41.86718], [-87.62865, 41.86711], [-87.62861, 41.86711], [-87.6286, 41.86704], [-87.62856, 41.86701], [-87.62858, 41.86686], [-87.62869, 41.86679], [-87.62861, 41.86679], [-87.62858, 41.86675], [-87.62859, 41.86638], [-87.62855, 41.86595], [-87.62858, 41.86581], [-87.62866, 41.86576], [-87.62943, 41.86576], [-87.62936, 41.86519], [-87.62939, 41.86491], [-87.62938, 41.86483], [-87.62935, 41.86481], [-87.62934, 41.86451], [-87.62937, 41.8645], [-87.62937, 41.86441], [-87.62932, 41.86391], [-87.62933, 41.86313], [-87.62937, 41.86304], [-87.62931, 41.86289], [-87.62923, 41.86283], [-87.62925, 41.86275], [-87.62912, 41.86271], [-87.62916, 41.86262], [-87.6292, 41.86263], [-87.62924, 41.86257], [-87.62923, 41.86238], [-87.62918, 41.86232], [-87.6292, 41.86229], [-87.62901, 41.86215], [-87.62904, 41.86205], [-87.62887, 41.86198], [-87.6288, 41.86188], [-87.62884, 41.86184], [-87.62895, 41.86184], [-87.62897, 41.86181], [-87.62892, 41.86151], [-87.62892, 41.8609], [-87.62883, 41.86051], [-87.62885, 41.86048], [-87.62895, 41.86047], [-87.62901, 41.86042], [-87.62894, 41.86036], [-87.62892, 41.86028], [-87.62895, 41.8601], [-87.62946, 41.8601], [-87.62945, 41.85964], [-87.62949, 41.8596], [-87.6298, 41.85962], [-87.62987, 41.85953], [-87.62991, 41.85956], [-87.62999, 41.85954], [-87.62997, 41.85952], [-87.63001, 41.85948], [-87.62997, 41.85929], [-87.62995, 41.85931], [-87.62982, 41.85925], [-87.62974, 41.85927], [-87.62962, 41.85926], [-87.62936, 41.85919], [-87.62933, 41.85923], [-87.62927, 41.8592], [-87.6292, 41.85923], [-87.6291, 41.85937], [-87.62907, 41.85951], [-87.62909, 41.85953], [-87.62927, 41.85951], [-87.6294, 41.85954], [-87.62937, 41.85958], [-87.62932, 41.85952], [-87.62935, 41.85946], [-87.62951, 41.85949], [-87.62965, 41.85946], [-87.62976, 41.85948], [-87.63, 41.8594], [-87.63003, 41.85943], [-87.62987, 41.85943], [-87.62996, 41.85948], [-87.62987, 41.85944], [-87.62958, 41.85952], [-87.62966, 41.85955], [-87.62966, 41.8596], [-87.62977, 41.85962], [-87.63015, 41.85959], [-87.63019, 41.85953], [-87.63014, 41.85934], [-87.63013, 41.85907], [-87.63003, 41.85904], [-87.62922, 41.85904], [-87.62893, 41.85908], [-87.62883, 41.85904], [-87.62866, 41.85906], [-87.62861, 41.85904], [-87.62835, 41.85909], [-87.62751, 41.85905], [-87.62742, 41.85907], [-87.6274, 41.85904], [-87.62744, 41.85896], [-87.62742, 41.85875], [-87.62744, 41.85859], [-87.62747, 41.85857], [-87.6274, 41.85836], [-87.6274, 41.85802], [-87.62706, 41.85794], [-87.62697, 41.85788], [-87.62611, 41.8579], [-87.62577, 41.85794], [-87.62533, 41.85792], [-87.62529, 41.85794], [-87.62475, 41.8579], [-87.62407, 41.85797], [-87.62411, 41.85795], [-87.62412, 41.85788], [-87.62408, 41.85778], [-87.62376, 41.85781], [-87.62279, 41.85782], [-87.6225, 41.8578], [-87.62215, 41.85771], [-87.62214, 41.85768], [-87.62219, 41.85764], [-87.62216, 41.85755], [-87.6222, 41.85719], [-87.62218, 41.85689], [-87.62221, 41.85686], [-87.62214, 41.85668], [-87.62188, 41.85669], [-87.62184, 41.85675], [-87.62178, 41.85677], [-87.62163, 41.85675], [-87.62154, 41.85684], [-87.6214, 41.85677], [-87.62118, 41.8568], [-87.621, 41.85677], [-87.62099, 41.85686], [-87.62105, 41.85692], [-87.62106, 41.85697], [-87.62105, 41.85744], [-87.62111, 41.85749], [-87.62133, 41.85751], [-87.62134, 41.85746], [-87.62143, 41.85746], [-87.62151, 41.8574], [-87.62173, 41.85739], [-87.62177, 41.85736], [-87.62177, 41.8573], [-87.62169, 41.85722], [-87.62169, 41.85724], [-87.62186, 41.85731], [-87.62191, 41.8574], [-87.62204, 41.85731], [-87.62204, 41.85721], [-87.62208, 41.85715], [-87.62204, 41.85713], [-87.6221, 41.85702], [-87.62205, 41.85691], [-87.62187, 41.85686], [-87.62159, 41.85686], [-87.62131, 41.85711], [-87.62141, 41.85709], [-87.62158, 41.85713], [-87.62152, 41.85721], [-87.62115, 41.85707], [-87.62134, 41.85699], [-87.62134, 41.85692], [-87.62118, 41.8569], [-87.62106, 41.85682], [-87.62099, 41.85673], [-87.62097, 41.8566], [-87.6209, 41.8566], [-87.62083, 41.85648], [-87.62079, 41.85628], [-87.62071, 41.85614], [-87.6207, 41.85589], [-87.62064, 41.85559], [-87.62062, 41.85559], [-87.62156, 41.85559], [-87.62201, 41.85555], [-87.62221, 41.85557], [-87.62218, 41.85559], [-87.62222, 41.85556], [-87.62242, 41.85559], [-87.62321, 41.85557], [-87.62327, 41.85554], [-87.62338, 41.85558], [-87.62379, 41.85558], [-87.6239, 41.85561], [-87.62417, 41.85554], [-87.62459, 41.8555], [-87.62551, 41.85556], [-87.62575, 41.85552], [-87.6269, 41.85551], [-87.62712, 41.85552], [-87.6271, 41.85555], [-87.62714, 41.85557], [-87.62733, 41.85556], [-87.62754, 41.85549], [-87.62804, 41.85552], [-87.62813, 41.85547], [-87.62829, 41.85552], [-87.62873, 41.8555], [-87.62904, 41.85545], [-87.62916, 41.85546], [-87.62926, 41.85561], [-87.62937, 41.85565], [-87.62947, 41.8556], [-87.6295, 41.8555], [-87.62963, 41.85545], [-87.62977, 41.85542], [-87.63001, 41.85544], [-87.63008, 41.85547], [-87.63009, 41.85556], [-87.63008, 41.85601], [-87.63015, 41.85605], [-87.63016, 41.85609], [-87.63012, 41.85646], [-87.63008, 41.85652], [-87.6301, 41.85677], [-87.63008, 41.85695], [-87.63012, 41.85719], [-87.63009, 41.85731], [-87.63009, 41.85754], [-87.63013, 41.85768], [-87.63024, 41.85774], [-87.63038, 41.85775], [-87.63074, 41.85768], [-87.63154, 41.85774], [-87.63184, 41.85772], [-87.6318, 41.85768], [-87.63201, 41.85768], [-87.63217, 41.85764], [-87.63258, 41.85768], [-87.63262, 41.8577], [-87.6329, 41.85766], [-87.63303, 41.85769], [-87.63305, 41.85766], [-87.63326, 41.85768], [-87.63362, 41.85765], [-87.63372, 41.85768], [-87.63383, 41.85764], [-87.63424, 41.85766], [-87.63435, 41.85762], [-87.63464, 41.85766], [-87.63478, 41.8576], [-87.63497, 41.85768], [-87.63528, 41.85766], [-87.63528, 41.85763], [-87.63539, 41.85766], [-87.6355, 41.85764], [-87.63587, 41.85767], [-87.63662, 41.85762], [-87.6368, 41.85764], [-87.63749, 41.85763], [-87.63814, 41.8576], [-87.6382, 41.85757], [-87.63848, 41.8576], [-87.63884, 41.85759], [-87.63885, 41.85826], [-87.63888, 41.85832], [-87.63888, 41.8593], [-87.63894, 41.85994], [-87.63893, 41.86108], [-87.63897, 41.8622], [-87.63894, 41.86223], [-87.63898, 41.86229], [-87.63898, 41.86242], [-87.63897, 41.86271], [-87.63894, 41.86274], [-87.639, 41.86308], [-87.63898, 41.86313], [-87.63899, 41.86362], [-87.63907, 41.86405], [-87.63904, 41.86475], [-87.63907, 41.86609], [-87.63911, 41.86621], [-87.63909, 41.86689], [-87.63913, 41.86713], [-87.6391, 41.86717], [-87.63906, 41.86757], [-87.63911, 41.86817], [-87.63908, 41.86843], [-87.63912, 41.86879], [-87.63911, 41.86895], [-87.63913, 41.86902], [-87.63911, 41.86917], [-87.63917, 41.86943], [-87.63914, 41.8697], [-87.63915, 41.86978], [-87.63917, 41.8697], [-87.6392, 41.86998], [-87.63914, 41.87087], [-87.63918, 41.87103], [-87.63916, 41.87122], [-87.63919, 41.87189], [-87.63917, 41.87204], [-87.63923, 41.87219], [-87.63927, 41.87245], [-87.63928, 41.8729], [-87.63925, 41.87292], [-87.6393, 41.87336], [-87.63929, 41.87363], [-87.63934, 41.874], [-87.63932, 41.87407], [-87.63936, 41.87423], [-87.6393, 41.87447], [-87.63934, 41.87452], [-87.63944, 41.8745], [-87.63947, 41.87454], [-87.63946, 41.87475], [-87.63952, 41.87549], [-87.63942, 41.87571], [-87.6395, 41.87584], [-87.63957, 41.87602], [-87.63959, 41.87624], [-87.63963, 41.87628], [-87.63959, 41.87633], [-87.63963, 41.87642], [-87.63963, 41.87659], [-87.63968, 41.87667], [-87.64052, 41.87672], [-87.64087, 41.87667], [-87.64117, 41.87649], [-87.64109, 41.87653], [-87.64118, 41.8765], [-87.64157, 41.87663], [-87.64165, 41.8766], [-87.64181, 41.8766], [-87.64214, 41.87668], [-87.64225, 41.87665], [-87.64258, 41.87666], [-87.64263, 41.87669], [-87.64262, 41.87686], [-87.64269, 41.87754], [-87.64272, 41.87759], [-87.64269, 41.87787], [-87.64274, 41.87796], [-87.64269, 41.87813], [-87.64269, 41.87836], [-87.64264, 41.87853], [-87.64244, 41.87869], [-87.64249, 41.87884], [-87.6425, 41.87916], [-87.64258, 41.87935], [-87.64268, 41.87941], [-87.64266, 41.87946], [-87.64271, 41.87952], [-87.64272, 41.87963], [-87.64268, 41.87972], [-87.64273, 41.87988], [-87.64266, 41.88012], [-87.6427, 41.88022], [-87.64274, 41.8806], [-87.64281, 41.88068], [-87.64278, 41.88082], [-87.64283, 41.88088], [-87.64279, 41.88093], [-87.64277, 41.8813], [-87.64272, 41.88148], [-87.64208, 41.8815], [-87.64199, 41.88155], [-87.64199, 41.88158], [-87.642, 41.88155]]}}, {"type": "Feature", "properties": {"name": "Chicago Architecture Center", "source": "Chicago_Architecture_Center.gpx", "points": 281}, "geometry": {"type": "LineString", "coordinates": [[-87.64173, 41.88187], [-87.64159, 41.88191], [-87.64143, 41.88178], [-87.64113, 41.88175], [-87.64071, 41.88177], [-87.64061, 41.88181], [-87.64059, 41.88189], [-87.64053, 41.88192], [-87.64034, 41.88189], [-87.64032, 41.88199], [-87.64029, 41.882], [-87.63976, 41.88193], [-87.63939, 41.8818], [-87.63857, 41.88182], [-87.63798, 41.88177], [-87.63771, 41.88181], [-87.63722, 41.88182], [-87.63718, 41.88183], [-87.63722, 41.88197], [-87.63718, 41.88225], [-87.63713, 41.8823], [-87.63717, 41.88254], [-87.63713, 41.8826], [-87.63715, 41.8828], [-87.63708, 41.88284], [-87.63677, 41.8829], [-87.63664, 41.88297], [-87.63657, 41.88312], [-87.63648, 41.88313], [-87.63603, 41.88312], [-87.63596, 41.88309], [-87.63543, 41.88313], [-87.63479, 41.88309], [-87.6347, 41.88313], [-87.63448, 41.88309], [-87.63424, 41.88312], [-87.63281, 41.88312], [-87.63261, 41.88311], [-87.63254, 41.88304], [-87.63241, 41.88315], [-87.63233, 41.88318], [-87.63184, 41.88311], [-87.63183, 41.88308], [-87.63099, 41.88312], [-87.63083, 41.88307], [-87.63059, 41.88314], [-87.63026, 41.88316], [-87.62993, 41.88313], [-87.62982, 41.88317], [-87.62954, 41.88309], [-87.62935, 41.88318], [-87.62913, 41.88318], [-87.62895, 41.88328], [-87.62876, 41.8833], [-87.6286, 41.88327], [-87.6286, 41.88324], [-87.62852, 41.88321], [-87.62832, 41.88321], [-87.62824, 41.88315], [-87.62805, 41.88317], [-87.62797, 41.88313], [-87.62768, 41.88315], [-87.62766, 41.88307], [-87.62749, 41.88311], [-87.62674, 41.88311], [-87.62653, 41.88318], [-87.62604, 41.88309], [-87.62595, 41.88314], [-87.62559, 41.88311], [-87.62514, 41.88316], [-87.62508, 41.88314], [-87.6247, 41.88316], [-87.62472, 41.88316], [-87.62471, 41.88313], [-87.62466, 41.88312], [-87.62466, 41.88309], [-87.62478, 41.88327], [-87.62495, 41.88329], [-87.62494, 41.88336], [-87.62501, 41.88336], [-87.6249, 41.88333], [-87.6247, 41.88334], [-87.62466, 41.88337], [-87.62469, 41.88365], [-87.62468, 41.88382], [-87.62471, 41.88385], [-87.62467, 41.88386], [-87.62469, 41.88394], [-87.62466, 41.88402], [-87.6247, 41.88411], [-87.62468, 41.88422], [-87.62463, 41.88427], [-87.62459, 41.88442], [-87.62461, 41.88445], [-87.62477, 41.88443], [-87.62487, 41.88449], [-87.62497, 41.8845], [-87.62483, 41.88448], [-87.62486, 41.88448], [-87.62484, 41.88451], [-87.62491, 41.8845], [-87.62493, 41.88456], [-87.62473, 41.88459], [-87.62461, 41.88457], [-87.62465, 41.8846], [-87.62469, 41.88458], [-87.62459, 41.88458], [-87.62456, 41.88464], [-87.62469, 41.88504], [-87.62466, 41.88518], [-87.62469, 41.88532], [-87.62468, 41.88565], [-87.62466, 41.88569], [-87.62457, 41.88571], [-87.62463, 41.88583], [-87.62459, 41.886], [-87.62472, 41.88609], [-87.62469, 41.88609], [-87.62472, 41.88616], [-87.62474, 41.88657], [-87.62471, 41.88661], [-87.62475, 41.88676], [-87.62475, 41.88719], [-87.62472, 41.88724], [-87.62476, 41.88745], [-87.62475, 41.88765], [-87.62472, 41.88768], [-87.62474, 41.8878], [-87.62471, 41.88784], [-87.62471, 41.88793], [-87.62473, 41.88788], [-87.62468, 41.88789], [-87.6247, 41.88809], [-87.62467, 41.88809], [-87.62474, 41.88808], [-87.62465, 41.88813], [-87.62449, 41.88807], [-87.62434, 41.88808], [-87.62427, 41.88812], [-87.62415, 41.88812], [-87.62415, 41.88809], [-87.62391, 41.88816], [-87.62367, 41.88813], [-87.62364, 41.88809], [-87.62349, 41.88808], [-87.62349, 41.88805], [-87.62354, 41.88816], [-87.62351, 41.88809], [-87.62345, 41.88814], [-87.62349, 41.88814], [-87.62339, 41.88816], [-87.62333, 41.88803], [-87.62344, 41.88786], [-87.62354, 41.8878], [-87.6234, 41.88778], [-87.62339, 41.88781], [-87.62332, 41.88777], [-87.62336, 41.88778], [-87.62336, 41.88781], [-87.62328, 41.88779], [-87.62333, 41.88778], [-87.62329, 41.8878], [-87.6233, 41.88777], [-87.62337, 41.88786], [-87.62332, 41.88779], [-87.62341, 41.88781], [-87.62344, 41.88785], [-87.62339, 41.88785], [-87.62331, 41.88792], [-87.62339, 41.88792], [-87.62345, 41.888], [-87.62353, 41.88802], [-87.62356, 41.88808], [-87.62328, 41.88809], [-87.62339, 41.88807], [-87.62352, 41.8881], [-87.6235, 41.88808], [-87.62356, 41.88812], [-87.62355, 41.88815], [-87.62347, 41.88809], [-87.62357, 41.88809], [-87.62353, 41.88809], [-87.62353, 41.88807], [-87.62356, 41.88808], [-87.62356, 41.8881], [-87.62349, 41.88809], [-87.6235, 41.88803], [-87.62356, 41.88799], [-87.62349, 41.88797], [-87.62354, 41.88801], [-87.62347, 41.88803], [-87.6234, 41.8881], [-87.62326, 41.88806], [-87.62325, 41.88804], [-87.62322, 41.88809], [-87.62327, 41.88813], [-87.62356, 41.88808], [-87.62348, 41.88805], [-87.62347, 41.88802], [-87.62341, 41.88803], [-87.62341, 41.888], [-87.62347, 41.888], [-87.62346, 41.88803], [-87.62344, 41.88799], [-87.62347, 41.88799], [-87.62351, 41.88804], [-87.62349, 41.88813], [-87.6235, 41.88806], [-87.62346, 41.88804], [-87.62348, 41.88803], [-87.62341, 41.88807], [-87.62349, 41.88806], [-87.6235, 41.88802], [-87.62333, 41.88793], [-87.62328, 41.88793], [-87.62338, 41.8879], [-87.62341, 41.88784], [-87.6233, 41.88776], [-87.62327, 41.8878], [-87.62331, 41.88778], [-87.62331, 41.8878], [-87.62337, 41.88782], [-87.62342, 41.88804], [-87.62363, 41.88808], [-87.62365, 41.88816], [-87.62362, 41.88818], [-87.62366, 41.88817], [-87.62364, 41.88811], [-87.62381, 41.88826], [-87.62398, 41.88834], [-87.62431, 41.88831], [-87.62437, 41.88826], [-87.62434, 41.88832], [-87.62426, 41.88836], [-87.62433, 41.8885], [-87.62422, 41.88883], [-87.62423, 41.88892], [-87.62418, 41.88902], [-87.62417, 41.88917], [-87.6241, 41.88936], [-87.62389, 41.88947], [-87.62385, 41.88946], [-87.6238, 41.88953], [-87.62375, 41.88954], [-87.62384, 41.88941], [-87.62378, 41.88946], [-87.62381, 41.88946], [-87.62385, 41.88954], [-87.6239, 41.88953], [-87.62395, 41.88944], [-87.62414, 41.8893], [-87.62421, 41.8891], [-87.62432, 41.88898], [-87.62436, 41.88882], [-87.6244, 41.88881], [-87.62437, 41.88873], [-87.62441, 41.88854], [-87.62444, 41.88852], [-87.62442, 41.88833], [-87.62452, 41.88831], [-87.62444, 41.88812], [-87.62438, 41.88808], [-87.62436, 41.88802], [-87.6244, 41.88796], [-87.62437, 41.88788], [-87.62441, 41.88772], [-87.62438, 41.8877], [-87.62435, 41.88711], [-87.62436, 41.88708], [-87.62441, 41.88708], [-87.62438, 41.88696], [-87.62439, 41.88687], [-87.62442, 41.88689], [-87.62442, 41.88681], [-87.6245, 41.88665], [-87.62456, 41.8866], [-87.62446, 41.8866], [-87.62442, 41.88657], [-87.62436, 41.88631], [-87.62442, 41.88623], [-87.62434, 41.88627]]}}, {"type": "Feature", "properties": {"name": "Chicago History Museum", "source": "Chicago_History_Museum.gpx", "points": 164}, "geometry": {"type": "LineString", "coordinates": [[-87.64215, 41.88139], [-87.64212, 41.88138], [-87.64216, 41.88142], [-87.64214, 41.88149], [-87.642, 41.88157], [-87.64201, 41.88164], [-87.64197, 41.88171], [-87.64181, 41.88176], [-87.6411, 41.88177], [-87.64111, 41.8818], [-87.64114, 41.88178], [-87.64112, 41.88217], [-87.64109, 41.88227], [-87.64103, 41.88227], [-87.6411, 41.88249], [-87.64113, 41.88295], [-87.64119, 41.88314], [-87.64113, 41.88326], [-87.6412, 41.88332], [-87.64138, 41.88332], [-87.64144, 41.88336], [-87.6414, 41.88346], [-87.64137, 41.88402], [-87.64132, 41.88406], [-87.6414, 41.88426], [-87.6414, 41.88433], [-87.64133, 41.88443], [-87.64131, 41.88454], [-87.64126, 41.88455], [-87.6412, 41.88475], [-87.64118, 41.88565], [-87.64114, 41.88569], [-87.6411, 41.88567], [-87.64103, 41.88579], [-87.64114, 41.8859], [-87.64117, 41.886], [-87.64123, 41.88661], [-87.64115, 41.8867], [-87.64123, 41.88676], [-87.64127, 41.88689], [-87.64126, 41.88743], [-87.64129, 41.88764], [-87.64125, 41.88769], [-87.6413, 41.88776], [-87.64132, 41.88804], [-87.64129, 41.8884], [-87.64131, 41.88869], [-87.64121, 41.88875], [-87.64128, 41.88887], [-87.64129, 41.88896], [-87.64028, 41.88898], [-87.63992, 41.88895], [-87.63922, 41.88905], [-87.63842, 41.88904], [-87.63836, 41.889], [-87.63822, 41.88903], [-87.63768, 41.889], [-87.63682, 41.88902], [-87.63669, 41.88901], [-87.63656, 41.88896], [-87.63637, 41.88903], [-87.63508, 41.8891], [-87.635, 41.8892], [-87.63461, 41.88919], [-87.63425, 41.88924], [-87.63413, 41.88924], [-87.63393, 41.88914], [-87.63377, 41.88916], [-87.63373, 41.88912], [-87.63351, 41.88909], [-87.63281, 41.88912], [-87.6327, 41.88916], [-87.63268, 41.8892], [-87.63273, 41.88962], [-87.63267, 41.88968], [-87.63269, 41.88992], [-87.63235, 41.88994], [-87.63233, 41.88991], [-87.63229, 41.88998], [-87.63236, 41.89018], [-87.63232, 41.89025], [-87.63238, 41.89051], [-87.63236, 41.89079], [-87.63242, 41.89155], [-87.63229, 41.89155], [-87.63226, 41.8916], [-87.63239, 41.89182], [-87.63247, 41.89235], [-87.63241, 41.89238], [-87.63241, 41.89248], [-87.63247, 41.89314], [-87.63249, 41.89357], [-87.63246, 41.89362], [-87.6325, 41.89371], [-87.63249, 41.89392], [-87.6326, 41.89473], [-87.63255, 41.89532], [-87.63257, 41.89557], [-87.63251, 41.89566], [-87.63259, 41.89628], [-87.63249, 41.89634], [-87.63249, 41.89649], [-87.63254, 41.89654], [-87.63254, 41.89666], [-87.63259, 41.89676], [-87.63257, 41.89702], [-87.63261, 41.89791], [-87.63266, 41.89832], [-87.63265, 41.89893], [-87.63271, 41.89904], [-87.63263, 41.89921], [-87.63267, 41.89958], [-87.63258, 41.89968], [-87.63268, 41.90025], [-87.63267, 41.90057], [-87.63271, 41.90062], [-87.63271, 41.90068], [-87.63265, 41.90071], [-87.63272, 41.901], [-87.63269, 41.90135], [-87.63273, 41.9017], [-87.63274, 41.90232], [-87.6327, 41.90237], [-87.63276, 41.90256], [-87.63278, 41.90323], [-87.63275, 41.90363], [-87.63283, 41.90467], [-87.63281, 41.90472], [-87.63283, 41.90502], [-87.63277, 41.90504], [-87.63276, 41.90508], [-87.63279, 41.90524], [-87.63286, 41.9053], [-87.63285, 41.90566], [-87.6328, 41.90579], [-87.63286, 41.90605], [-87.63287, 41.90634], [-87.63284, 41.90639], [-87.63287, 41.9065], [-87.63286, 41.90673], [-87.63285, 41.90694], [-87.63281, 41.90698], [-87.63285, 41.90725], [-87.63287, 41.90765], [-87.63285, 41.90773], [-87.63291, 41.90816], [-87.63289, 41.90829], [-87.63291, 41.90859], [-87.63289, 41.90863], [-87.63294, 41.90886], [-87.63295, 41.90961], [-87.63292, 41.90975], [-87.63297, 41.90996], [-87.63291, 41.9105], [-87.63299, 41.91102], [-87.63297, 41.91123], [-87.63294, 41.91126], [-87.63201, 41.91118], [-87.63191, 41.9112], [-87.63184, 41.91129], [-87.63174, 41.9113], [-87.63166, 41.91137], [-87.63169, 41.9115], [-87.63176, 41.91162]]}}, {"type": "Feature", "properties": {"name": "Chinatown + IIT + White Sox Ballpark", "source": "Chinatown_IIT_White_Sox_Ballpark.gpx", "points": 487}, "geometry": {"type": "LineString", "coordinates": [[-87.6347, 41.85722], [-87.63468, 41.85728], [-87.63485, 41.85736], [-87.63477, 41.85749], [-87.6347, 41.85748], [-87.63458, 41.85756], [-87.63478, 41.85776], [-87.63479, 41.85783], [-87.63487, 41.85791], [-87.63459, 41.85793], [-87.63448, 41.85791], [-87.63437, 41.85797], [-87.63438, 41.85804], [-87.63452, 41.85816], [-87.63448, 41.8582], [-87.63449, 41.85833], [-87.63442, 41.85841], [-87.63437, 41.85856], [-87.63432, 41.8586], [-87.63429, 41.85876], [-87.63415, 41.85883], [-87.63409, 41.85882], [-87.63395, 41.85895], [-87.63397, 41.85903], [-87.63394, 41.85914], [-87.63407, 41.85932], [-87.6341, 41.85952], [-87.63398, 41.8596], [-87.63394, 41.85957], [-87.63383, 41.85966], [-87.6338, 41.85972], [-87.63382, 41.85993], [-87.63371, 41.85999], [-87.63356, 41.86], [-87.63323, 41.85981], [-87.6331, 41.85996], [-87.63292, 41.86001], [-87.63286, 41.85997], [-87.63285, 41.8599], [-87.63288, 41.85981], [-87.63322, 41.85962], [-87.63327, 41.85955], [-87.63325, 41.8595], [-87.63329, 41.85933], [-87.63367, 41.85894], [-87.6337, 41.85877], [-87.63368, 41.8586], [-87.63371, 41.85851], [-87.63415, 41.85795], [-87.63424, 41.85776], [-87.63431, 41.85773], [-87.63428, 41.85759], [-87.63403, 41.85744], [-87.63403, 41.85739], [-87.63422, 41.85717], [-87.63428, 41.85703], [-87.63422, 41.85703], [-87.63422, 41.85697], [-87.63416, 41.85698], [-87.63408, 41.85695], [-87.63389, 41.85678], [-87.63364, 41.85667], [-87.63326, 41.85662], [-87.63319, 41.85658], [-87.63322, 41.85657], [-87.63318, 41.85642], [-87.6332, 41.85581], [-87.63325, 41.85575], [-87.63317, 41.85568], [-87.63296, 41.85535], [-87.63294, 41.85488], [-87.63304, 41.85477], [-87.63344, 41.85462], [-87.63346, 41.85457], [-87.63342, 41.85449], [-87.63348, 41.85442], [-87.63341, 41.85435], [-87.63343, 41.85429], [-87.63337, 41.85422], [-87.6334, 41.85416], [-87.63338, 41.8541], [-87.63329, 41.85402], [-87.63309, 41.85404], [-87.63315, 41.85406], [-87.63314, 41.8541], [-87.6333, 41.85408], [-87.63343, 41.85418], [-87.63357, 41.85417], [-87.63366, 41.85411], [-87.6338, 41.85408], [-87.63377, 41.85406], [-87.63381, 41.854], [-87.63429, 41.85375], [-87.63474, 41.8536], [-87.63516, 41.85341], [-87.63525, 41.85334], [-87.6352, 41.85329], [-87.63527, 41.85326], [-87.63557, 41.85319], [-87.6356, 41.85324], [-87.6356, 41.85336], [-87.6357, 41.85342], [-87.63584, 41.8534], [-87.63585, 41.85329], [-87.63545, 41.85317], [-87.6353, 41.85322], [-87.63521, 41.85316], [-87.63509, 41.85299], [-87.63474, 41.85304], [-87.63422, 41.85332], [-87.63404, 41.85334], [-87.63391, 41.85346], [-87.63299, 41.85386], [-87.63302, 41.85387], [-87.63293, 41.85392], [-87.63235, 41.85421], [-87.63201, 41.85435], [-87.63195, 41.85434], [-87.63193, 41.85382], [-87.6319, 41.85374], [-87.63216, 41.85342], [-87.63218, 41.85316], [-87.63223, 41.85304], [-87.63221, 41.85298], [-87.63214, 41.85296], [-87.63212, 41.85287], [-87.63214, 41.85274], [-87.63208, 41.85219], [-87.6321, 41.85169], [-87.63208, 41.85106], [-87.63211, 41.85087], [-87.63207, 41.85073], [-87.63209, 41.85056], [-87.63206, 41.85027], [-87.63209, 41.85025], [-87.63203, 41.85015], [-87.63206, 41.84983], [-87.63203, 41.84956], [-87.63205, 41.84932], [-87.63207, 41.8493], [-87.63203, 41.84912], [-87.63202, 41.84858], [-87.63205, 41.84854], [-87.63202, 41.84823], [-87.63203, 41.84809], [-87.63211, 41.84801], [-87.63226, 41.84769], [-87.6323, 41.84738], [-87.63228, 41.84674], [-87.63213, 41.84599], [-87.63204, 41.84577], [-87.63203, 41.84567], [-87.63193, 41.8456], [-87.63118, 41.84564], [-87.6306, 41.84561], [-87.62947, 41.84568], [-87.62861, 41.84564], [-87.62812, 41.84567], [-87.62753, 41.84565], [-87.62709, 41.84567], [-87.62706, 41.84565], [-87.62709, 41.84565], [-87.62707, 41.84488], [-87.62712, 41.84472], [-87.62705, 41.84435], [-87.62709, 41.84418], [-87.62701, 41.84395], [-87.62704, 41.84368], [-87.62702, 41.84327], [-87.62702, 41.84323], [-87.62707, 41.84321], [-87.62702, 41.84308], [-87.62705, 41.84304], [-87.62698, 41.84286], [-87.62702, 41.84281], [-87.62698, 41.8427], [-87.62698, 41.84266], [-87.62705, 41.84263], [-87.62706, 41.84257], [-87.62705, 41.84241], [-87.627, 41.84229], [-87.62704, 41.84211], [-87.62699, 41.84199], [-87.62702, 41.84175], [-87.62698, 41.84171], [-87.62698, 41.84145], [-87.62704, 41.84135], [-87.62697, 41.84123], [-87.62696, 41.84108], [-87.62697, 41.84045], [-87.627, 41.84041], [-87.62697, 41.84032], [-87.62691, 41.8396], [-87.62691, 41.83946], [-87.62696, 41.83942], [-87.6269, 41.83901], [-87.62694, 41.83872], [-87.6269, 41.83854], [-87.62683, 41.83848], [-87.62692, 41.83847], [-87.62683, 41.83841], [-87.62669, 41.83838], [-87.62635, 41.83843], [-87.62603, 41.83839], [-87.62556, 41.83841], [-87.62536, 41.83839], [-87.62521, 41.83842], [-87.62504, 41.83838], [-87.62505, 41.83822], [-87.62511, 41.83817], [-87.62507, 41.83808], [-87.62507, 41.83799], [-87.62517, 41.83782], [-87.62518, 41.83752], [-87.62514, 41.83744], [-87.62521, 41.83711], [-87.62518, 41.83709], [-87.62513, 41.83655], [-87.62504, 41.83637], [-87.62508, 41.83618], [-87.62506, 41.83603], [-87.62501, 41.83599], [-87.62502, 41.83579], [-87.62505, 41.83571], [-87.62502, 41.83562], [-87.62504, 41.83557], [-87.62502, 41.83514], [-87.62499, 41.83486], [-87.62495, 41.83472], [-87.62498, 41.83439], [-87.62491, 41.83427], [-87.62458, 41.83409], [-87.62441, 41.83406], [-87.62431, 41.83411], [-87.62394, 41.83406], [-87.62395, 41.8337], [-87.62398, 41.83369], [-87.62394, 41.83354], [-87.62394, 41.83332], [-87.62397, 41.83318], [-87.62501, 41.83318], [-87.62508, 41.83309], [-87.62513, 41.83291], [-87.62558, 41.83284], [-87.62571, 41.83279], [-87.62659, 41.83282], [-87.6269, 41.83277], [-87.62798, 41.83275], [-87.62802, 41.83271], [-87.62819, 41.83276], [-87.62844, 41.83272], [-87.62861, 41.83275], [-87.62893, 41.83275], [-87.62899, 41.83269], [-87.62901, 41.83243], [-87.62892, 41.83212], [-87.62896, 41.83207], [-87.62898, 41.83194], [-87.62902, 41.83191], [-87.62912, 41.8317], [-87.62901, 41.83141], [-87.629, 41.83131], [-87.62903, 41.83127], [-87.62896, 41.83117], [-87.62899, 41.83108], [-87.62896, 41.83104], [-87.6294, 41.83106], [-87.62968, 41.83113], [-87.62979, 41.8311], [-87.62978, 41.83107], [-87.62982, 41.83106], [-87.63023, 41.83109], [-87.63053, 41.83105], [-87.63081, 41.83108], [-87.631, 41.83105], [-87.63126, 41.83108], [-87.63159, 41.83106], [-87.63167, 41.83107], [-87.6317, 41.83112], [-87.63243, 41.83108], [-87.63256, 41.83111], [-87.63265, 41.83116], [-87.6328, 41.83128], [-87.6328, 41.83134], [-87.63284, 41.83138], [-87.633, 41.83143], [-87.63317, 41.83154], [-87.63333, 41.83157], [-87.63339, 41.83165], [-87.63444, 41.83163], [-87.63433, 41.83152], [-87.63447, 41.83149], [-87.63454, 41.83138], [-87.63483, 41.83119], [-87.63492, 41.83118], [-87.63498, 41.83109], [-87.63495, 41.83105], [-87.63496, 41.83102], [-87.63492, 41.83101], [-87.63498, 41.83101], [-87.635, 41.83094], [-87.63525, 41.83094], [-87.63534, 41.83082], [-87.63529, 41.83077], [-87.63528, 41.83071], [-87.63517, 41.83067], [-87.63525, 41.83062], [-87.63531, 41.83053], [-87.63537, 41.83049], [-87.63533, 41.8304], [-87.63536, 41.83028], [-87.63543, 41.83021], [-87.63544, 41.83001], [-87.63547, 41.82998], [-87.63544, 41.82981], [-87.63537, 41.82964], [-87.63539, 41.82965], [-87.63531, 41.82943], [-87.63524, 41.82933], [-87.63528, 41.82932], [-87.63527, 41.82928], [-87.63519, 41.82914], [-87.63503, 41.82907], [-87.63477, 41.82886], [-87.63447, 41.8287], [-87.63392, 41.82857], [-87.63382, 41.82851], [-87.63333, 41.82855], [-87.63323, 41.82863], [-87.63323, 41.82872], [-87.63328, 41.82863], [-87.63335, 41.82858], [-87.63372, 41.82851], [-87.63381, 41.82856], [-87.63428, 41.8286], [-87.63438, 41.82852], [-87.63447, 41.82855], [-87.6346, 41.82851], [-87.63469, 41.82854], [-87.63473, 41.82861], [-87.63481, 41.82864], [-87.63485, 41.82876], [-87.63523, 41.8291], [-87.63527, 41.82928], [-87.63544, 41.82955], [-87.63549, 41.82986], [-87.63548, 41.83012], [-87.63546, 41.83014], [-87.63549, 41.83024], [-87.63544, 41.83039], [-87.63528, 41.8306], [-87.63511, 41.83054], [-87.63505, 41.83056], [-87.63504, 41.83062], [-87.63506, 41.83063], [-87.63481, 41.83073], [-87.63389, 41.83085], [-87.63381, 41.83083], [-87.63364, 41.83085], [-87.6331, 41.83084], [-87.63285, 41.83088], [-87.63245, 41.83081], [-87.63222, 41.83083], [-87.63214, 41.8308], [-87.63203, 41.83082], [-87.63191, 41.83079], [-87.63164, 41.83082], [-87.63161, 41.83073], [-87.63164, 41.83076], [-87.63159, 41.83082], [-87.63138, 41.83088], [-87.63122, 41.83084], [-87.63075, 41.83084], [-87.63074, 41.83082], [-87.63064, 41.83087], [-87.63029, 41.83089], [-87.62989, 41.83087], [-87.62915, 41.83092], [-87.62878, 41.83088], [-87.62873, 41.83084], [-87.62851, 41.8309], [-87.62808, 41.8309], [-87.62802, 41.83087], [-87.62791, 41.8309], [-87.62785, 41.83122], [-87.62789, 41.83136], [-87.62785, 41.83144], [-87.62787, 41.83173], [-87.62784, 41.83175], [-87.6278, 41.8319], [-87.6278, 41.832], [-87.62777, 41.83202], [-87.62781, 41.83214], [-87.62781, 41.83263], [-87.62785, 41.83276], [-87.62782, 41.83293], [-87.62781, 41.83344], [-87.62779, 41.83346], [-87.62786, 41.83369], [-87.62789, 41.83405], [-87.62784, 41.83421], [-87.62813, 41.83423], [-87.62866, 41.83421], [-87.62869, 41.83426], [-87.62866, 41.83432], [-87.6288, 41.83443], [-87.62878, 41.83451], [-87.62883, 41.83459], [-87.62891, 41.83461], [-87.62901, 41.83455], [-87.62883, 41.83455], [-87.62879, 41.83459], [-87.62879, 41.83469], [-87.62871, 41.83472], [-87.62796, 41.83474], [-87.62787, 41.83478], [-87.6279, 41.8349], [-87.62783, 41.8352], [-87.62785, 41.83535], [-87.62789, 41.8354], [-87.62785, 41.83543], [-87.62786, 41.83566], [-87.62783, 41.83576], [-87.62787, 41.8358], [-87.62785, 41.836], [-87.6279, 41.83628], [-87.62789, 41.83664], [-87.62793, 41.83671], [-87.62782, 41.83681], [-87.62791, 41.83724], [-87.62797, 41.83731], [-87.62794, 41.83753], [-87.62788, 41.8377], [-87.62715, 41.83762], [-87.62688, 41.83765], [-87.62687, 41.83785], [-87.62683, 41.83789], [-87.6269, 41.83775], [-87.62686, 41.8373], [-87.62687, 41.83706], [-87.62692, 41.83698], [-87.62686, 41.83689], [-87.62686, 41.83658], [-87.62682, 41.83654], [-87.62677, 41.83654], [-87.62705, 41.83663], [-87.62728, 41.83666], [-87.62711, 41.83662], [-87.62685, 41.83639], [-87.62683, 41.83628], [-87.62688, 41.83608], [-87.62683, 41.83591], [-87.62681, 41.83546], [-87.62677, 41.83542], [-87.62662, 41.83539], [-87.62658, 41.83527], [-87.62647, 41.83523], [-87.6264, 41.8351], [-87.62639, 41.83462], [-87.62642, 41.83447], [-87.62637, 41.83445], [-87.62639, 41.83411], [-87.62635, 41.83402], [-87.62638, 41.83389], [-87.62636, 41.83376], [-87.62641, 41.83369], [-87.62641, 41.83335], [-87.62645, 41.83328], [-87.62637, 41.83294], [-87.62626, 41.83288], [-87.62589, 41.83291], [-87.6259, 41.83298], [-87.62597, 41.83303], [-87.62598, 41.83307], [-87.62588, 41.83315], [-87.62599, 41.8331], [-87.62598, 41.83303], [-87.62592, 41.83297], [-87.6259, 41.83281], [-87.62596, 41.83273], [-87.62591, 41.83245], [-87.62596, 41.83243], [-87.62598, 41.83238], [-87.62593, 41.83223], [-87.62598, 41.83219], [-87.62593, 41.83193], [-87.62563, 41.8319]]}}, {"type": "Feature", "properties": {"name": "Fulton Market Social", "source": "Fulton_Market_Social.gpx", "points": 209}, "geometry": {"type": "LineString", "coordinates": [[-87.64197, 41.88148], [-87.64214, 41.88129], [-87.64236, 41.88128], [-87.64237, 41.88131], [-87.64244, 41.88132], [-87.64246, 41.88128], [-87.64242, 41.88131], [-87.64237, 41.88141], [-87.64221, 41.88138], [-87.64218, 41.88139], [-87.64219, 41.88146], [-87.64207, 41.88143], [-87.64207, 41.88154], [-87.64212, 41.88162], [-87.642, 41.88164], [-87.64201, 41.88175], [-87.64261, 41.88174], [-87.64263, 41.88176], [-87.64266, 41.88174], [-87.64289, 41.88182], [-87.64354, 41.88173], [-87.64537, 41.88174], [-87.64606, 41.88169], [-87.64656, 41.88171], [-87.64725, 41.88168], [-87.64729, 41.88299], [-87.64728, 41.8831], [-87.64727, 41.88307], [-87.64723, 41.88307], [-87.64723, 41.88314], [-87.64729, 41.88331], [-87.64735, 41.88387], [-87.64733, 41.88427], [-87.64736, 41.88431], [-87.64728, 41.88446], [-87.64736, 41.88467], [-87.64741, 41.88532], [-87.64739, 41.8856], [-87.64808, 41.8856], [-87.64842, 41.88556], [-87.6486, 41.88557], [-87.64862, 41.8856], [-87.64861, 41.88556], [-87.64858, 41.88559], [-87.6486, 41.88555], [-87.64855, 41.88555], [-87.64851, 41.88556], [-87.6486, 41.88558], [-87.64877, 41.88554], [-87.64878, 41.8855], [-87.64871, 41.88537], [-87.6487, 41.8851], [-87.64874, 41.88504], [-87.64873, 41.88493], [-87.64869, 41.88487], [-87.64863, 41.88487], [-87.64868, 41.88487], [-87.64871, 41.88483], [-87.64875, 41.88484], [-87.64868, 41.88483], [-87.6487, 41.88468], [-87.64866, 41.88459], [-87.6487, 41.88452], [-87.64972, 41.88456], [-87.64967, 41.88468], [-87.64968, 41.8848], [-87.64965, 41.8848], [-87.64973, 41.88492], [-87.64974, 41.88487], [-87.64971, 41.88491], [-87.64972, 41.88497], [-87.64972, 41.88495], [-87.64975, 41.88497], [-87.64973, 41.88496], [-87.6497, 41.88501], [-87.64974, 41.88508], [-87.64972, 41.88505], [-87.64975, 41.88504], [-87.6497, 41.88512], [-87.64973, 41.88514], [-87.64969, 41.88517], [-87.64969, 41.88521], [-87.64968, 41.88513], [-87.64968, 41.88522], [-87.64972, 41.88527], [-87.64969, 41.88524], [-87.64968, 41.88528], [-87.64971, 41.88526], [-87.64969, 41.88528], [-87.64966, 41.88522], [-87.64968, 41.88519], [-87.64964, 41.88515], [-87.64966, 41.88514], [-87.64966, 41.885], [-87.64967, 41.88511], [-87.64965, 41.88497], [-87.64965, 41.88514], [-87.64966, 41.88496], [-87.64968, 41.88506], [-87.64952, 41.88513], [-87.64944, 41.88514], [-87.64945, 41.88512], [-87.64939, 41.8852], [-87.64941, 41.88519], [-87.64944, 41.88524], [-87.64964, 41.88513], [-87.64965, 41.88516], [-87.64954, 41.88511], [-87.64932, 41.88508], [-87.6493, 41.88512], [-87.6493, 41.88509], [-87.64919, 41.88513], [-87.64922, 41.88512], [-87.64916, 41.88507], [-87.64898, 41.88507], [-87.64907, 41.88505], [-87.64931, 41.88512], [-87.6493, 41.88509], [-87.64936, 41.88511], [-87.64952, 41.88509], [-87.64955, 41.88507], [-87.64945, 41.88503], [-87.64949, 41.88502], [-87.64948, 41.88505], [-87.64951, 41.88506], [-87.6496, 41.88503], [-87.6496, 41.885], [-87.64955, 41.88504], [-87.64963, 41.88505], [-87.6496, 41.88506], [-87.64959, 41.88502], [-87.64957, 41.88504], [-87.64959, 41.88501], [-87.64957, 41.88505], [-87.64959, 41.88503], [-87.64955, 41.88498], [-87.64956, 41.88492], [-87.64966, 41.88513], [-87.64953, 41.88496], [-87.64951, 41.885], [-87.64952, 41.88508], [-87.64954, 41.88511], [-87.64957, 41.8851], [-87.64952, 41.8851], [-87.64967, 41.88516], [-87.64963, 41.88509], [-87.64963, 41.88513], [-87.6496, 41.88512], [-87.64966, 41.88513], [-87.64966, 41.88517], [-87.64967, 41.88506], [-87.64971, 41.88519], [-87.64966, 41.88505], [-87.64965, 41.88512], [-87.64969, 41.8851], [-87.6497, 41.88507], [-87.64966, 41.88506], [-87.64957, 41.88511], [-87.64974, 41.88512], [-87.64961, 41.88511], [-87.64965, 41.88509], [-87.64963, 41.88507], [-87.64967, 41.88509], [-87.64961, 41.88511], [-87.64962, 41.88509], [-87.64958, 41.88509], [-87.64962, 41.88508], [-87.6496, 41.88509], [-87.64962, 41.88512], [-87.64963, 41.88507], [-87.64959, 41.88509], [-87.64964, 41.88509], [-87.64965, 41.88506], [-87.64958, 41.88513], [-87.64964, 41.88513], [-87.64966, 41.88509], [-87.64965, 41.88512], [-87.64963, 41.88511], [-87.64966, 41.88513], [-87.64965, 41.88509], [-87.64965, 41.88517], [-87.64966, 41.88512], [-87.64968, 41.88517], [-87.64965, 41.88514], [-87.64966, 41.8852], [-87.64966, 41.88507], [-87.64974, 41.8852], [-87.64965, 41.88521], [-87.64968, 41.88523], [-87.64968, 41.88519], [-87.64965, 41.88524], [-87.64968, 41.88529], [-87.64964, 41.88529], [-87.64967, 41.88531], [-87.64976, 41.88524], [-87.64974, 41.88524], [-87.64979, 41.88515], [-87.64976, 41.88511], [-87.64985, 41.88494], [-87.64983, 41.88491], [-87.6499, 41.88492], [-87.6498, 41.8849], [-87.64981, 41.88464], [-87.64986, 41.88456], [-87.64983, 41.88454], [-87.64957, 41.88454], [-87.64947, 41.88458], [-87.64925, 41.88457], [-87.64244, 41.88128]]}}, {"type": "Feature", "properties": {"name": "Lincoln Park Zoo", "source": "Lincoln_Park_Zoo.gpx", "points": 396}, "geometry": {"type": "LineString", "coordinates": [[-87.63224, 41.91304], [-87.63241, 41.91298], [-87.63259, 41.91305], [-87.63271, 41.91322], [-87.63274, 41.91334], [-87.63279, 41.91338], [-87.63271, 41.91339], [-87.63263, 41.91334], [-87.63225, 41.91351], [-87.63172, 41.91354], [-87.63149, 41.91361], [-87.63135, 41.91371], [-87.63127, 41.91372], [-87.63122, 41.91379], [-87.63119, 41.9138], [-87.63119, 41.91386], [-87.63126, 41.91409], [-87.63135, 41.91412], [-87.63137, 41.91418], [-87.63126, 41.91428], [-87.63125, 41.91434], [-87.63148, 41.91462], [-87.63151, 41.91472], [-87.63149, 41.91477], [-87.63161, 41.91502], [-87.63161, 41.91509], [-87.63193, 41.91567], [-87.63199, 41.91573], [-87.632, 41.91585], [-87.63211, 41.91598], [-87.63215, 41.91621], [-87.63231, 41.9163], [-87.63277, 41.91627], [-87.63269, 41.91645], [-87.63267, 41.91654], [-87.63269, 41.9166], [-87.63259, 41.91665], [-87.63254, 41.91662], [-87.63268, 41.91667], [-87.63282, 41.91664], [-87.63295, 41.91667], [-87.633, 41.91686], [-87.63285, 41.91698], [-87.63285, 41.91704], [-87.63305, 41.91737], [-87.63324, 41.91752], [-87.63317, 41.91769], [-87.63317, 41.91784], [-87.63313, 41.91804], [-87.63318, 41.91822], [-87.63331, 41.91837], [-87.63339, 41.91863], [-87.63347, 41.9187], [-87.63371, 41.91878], [-87.63373, 41.91909], [-87.63358, 41.91924], [-87.63365, 41.91919], [-87.63376, 41.91926], [-87.63366, 41.91933], [-87.63363, 41.9193], [-87.63367, 41.91935], [-87.63365, 41.91929], [-87.63367, 41.91928], [-87.63359, 41.91923], [-87.63356, 41.91929], [-87.63358, 41.91945], [-87.63355, 41.91953], [-87.63358, 41.91956], [-87.63356, 41.91957], [-87.63362, 41.91958], [-87.63361, 41.91961], [-87.63367, 41.91959], [-87.63373, 41.9196], [-87.63372, 41.91979], [-87.63381, 41.91977], [-87.63389, 41.91969], [-87.63408, 41.9198], [-87.63397, 41.91987], [-87.63395, 41.91997], [-87.63405, 41.92025], [-87.63401, 41.92026], [-87.63402, 41.92032], [-87.63417, 41.92041], [-87.63413, 41.92059], [-87.63403, 41.92059], [-87.63385, 41.92053], [-87.63366, 41.92061], [-87.63349, 41.92073], [-87.63358, 41.9208], [-87.63365, 41.92099], [-87.6336, 41.92108], [-87.63363, 41.92106], [-87.63367, 41.9211], [-87.63379, 41.9211], [-87.63384, 41.92114], [-87.63384, 41.92124], [-87.63395, 41.92127], [-87.63392, 41.92125], [-87.63384, 41.92135], [-87.63395, 41.92158], [-87.63383, 41.92164], [-87.63419, 41.92157], [-87.63437, 41.92159], [-87.6343, 41.92159], [-87.63427, 41.92164], [-87.63435, 41.9217], [-87.63445, 41.92171], [-87.63479, 41.92153], [-87.63465, 41.92151], [-87.63457, 41.92141], [-87.63445, 41.92139], [-87.63429, 41.92142], [-87.63426, 41.9215], [-87.63419, 41.92153], [-87.63426, 41.92166], [-87.63413, 41.92168], [-87.63403, 41.92161], [-87.63399, 41.92148], [-87.63389, 41.92134], [-87.6337, 41.92127], [-87.63353, 41.92137], [-87.63335, 41.92142], [-87.6333, 41.92146], [-87.6333, 41.92153], [-87.63318, 41.92158], [-87.63324, 41.9216], [-87.63332, 41.92158], [-87.63333, 41.92154], [-87.63338, 41.92151], [-87.63334, 41.92142], [-87.63326, 41.92142], [-87.63307, 41.92128], [-87.63308, 41.9213], [-87.633, 41.92134], [-87.63304, 41.92138], [-87.63297, 41.92137], [-87.63303, 41.92134], [-87.63307, 41.92139], [-87.63312, 41.92137], [-87.63305, 41.92141], [-87.63307, 41.92142], [-87.63304, 41.92143], [-87.63305, 41.9214], [-87.63302, 41.92143], [-87.63303, 41.92146], [-87.63309, 41.92142], [-87.63306, 41.92134], [-87.63297, 41.9213], [-87.63283, 41.92133], [-87.63268, 41.9211], [-87.63255, 41.92105], [-87.63256, 41.92099], [-87.63262, 41.92101], [-87.63254, 41.92099], [-87.63247, 41.92103], [-87.63266, 41.92101], [-87.63268, 41.92096], [-87.63253, 41.92089], [-87.63257, 41.92083], [-87.63254, 41.92076], [-87.63266, 41.92073], [-87.63259, 41.92069], [-87.63265, 41.92066], [-87.63245, 41.92061], [-87.6324, 41.92062], [-87.6324, 41.92051], [-87.63259, 41.9204], [-87.63273, 41.92045], [-87.63277, 41.92043], [-87.6328, 41.92035], [-87.63273, 41.92026], [-87.63276, 41.92022], [-87.63276, 41.92011], [-87.63259, 41.92], [-87.63238, 41.92002], [-87.63234, 41.91994], [-87.63232, 41.91997], [-87.63235, 41.91999], [-87.63232, 41.92012], [-87.63223, 41.92014], [-87.63228, 41.9202], [-87.63193, 41.92011], [-87.63193, 41.91998], [-87.63187, 41.91988], [-87.63192, 41.91986], [-87.6319, 41.9197], [-87.63199, 41.91968], [-87.63215, 41.91971], [-87.63227, 41.91985], [-87.63243, 41.91991], [-87.63273, 41.9198], [-87.6329, 41.91989], [-87.63287, 41.92003], [-87.63293, 41.92017], [-87.63295, 41.92036], [-87.63289, 41.92051], [-87.63277, 41.92065], [-87.63277, 41.9208], [-87.63274, 41.92089], [-87.6328, 41.92125], [-87.63273, 41.92148], [-87.63286, 41.92176], [-87.63283, 41.92184], [-87.633, 41.9219], [-87.63318, 41.92188], [-87.6335, 41.92189], [-87.63356, 41.92193], [-87.63367, 41.92193], [-87.63376, 41.92202], [-87.63385, 41.92198], [-87.63388, 41.92199], [-87.63396, 41.92209], [-87.63392, 41.92213], [-87.63397, 41.92219], [-87.63415, 41.9223], [-87.63411, 41.92238], [-87.63414, 41.92243], [-87.63423, 41.9225], [-87.63429, 41.9225], [-87.63425, 41.92249], [-87.63422, 41.92254], [-87.63433, 41.92266], [-87.63434, 41.92263], [-87.63438, 41.92265], [-87.63451, 41.92281], [-87.63445, 41.92286], [-87.63442, 41.92294], [-87.63442, 41.92305], [-87.63448, 41.92315], [-87.63453, 41.9234], [-87.6347, 41.92358], [-87.63476, 41.92358], [-87.63482, 41.92364], [-87.63478, 41.92374], [-87.63468, 41.9238], [-87.63439, 41.92392], [-87.63438, 41.92388], [-87.63442, 41.92388], [-87.63439, 41.92387], [-87.63441, 41.92389], [-87.63439, 41.92392], [-87.63429, 41.92394], [-87.63343, 41.92392], [-87.63341, 41.92383], [-87.63329, 41.92377], [-87.63316, 41.92361], [-87.63317, 41.92355], [-87.6333, 41.92352], [-87.63316, 41.92343], [-87.63312, 41.92336], [-87.63317, 41.92323], [-87.6335, 41.92297], [-87.63355, 41.92301], [-87.63354, 41.92321], [-87.63357, 41.92321], [-87.63358, 41.92318], [-87.63362, 41.92321], [-87.63366, 41.92314], [-87.6336, 41.92296], [-87.63378, 41.92292], [-87.63386, 41.92296], [-87.63378, 41.92285], [-87.63379, 41.92281], [-87.63388, 41.92283], [-87.63382, 41.92279], [-87.63383, 41.92282], [-87.63401, 41.92282], [-87.63407, 41.92295], [-87.63415, 41.92298], [-87.63401, 41.92312], [-87.63401, 41.92315], [-87.63408, 41.92319], [-87.63402, 41.92334], [-87.634, 41.92337], [-87.63397, 41.92335], [-87.63411, 41.92336], [-87.63419, 41.92341], [-87.63414, 41.92342], [-87.63416, 41.92352], [-87.63411, 41.9236], [-87.63418, 41.92364], [-87.63418, 41.92361], [-87.63398, 41.92361], [-87.63391, 41.92377], [-87.63389, 41.92375], [-87.63391, 41.92372], [-87.63398, 41.92375], [-87.63398, 41.92386], [-87.63395, 41.92387], [-87.63394, 41.92394], [-87.63402, 41.92399], [-87.63407, 41.92407], [-87.63421, 41.92411], [-87.63434, 41.92409], [-87.63449, 41.92388], [-87.63468, 41.9238], [-87.63477, 41.92365], [-87.63476, 41.92359], [-87.63466, 41.92356], [-87.63456, 41.92346], [-87.63453, 41.9234], [-87.63457, 41.92334], [-87.63454, 41.92311], [-87.63446, 41.92286], [-87.6342, 41.92247], [-87.63405, 41.92215], [-87.63417, 41.92208], [-87.63417, 41.92202], [-87.63415, 41.92203], [-87.63413, 41.92198], [-87.63405, 41.92165], [-87.63398, 41.92155], [-87.63398, 41.92147], [-87.63393, 41.9214], [-87.63392, 41.92133], [-87.63389, 41.92135], [-87.63376, 41.92117], [-87.63379, 41.92105], [-87.63366, 41.92099], [-87.63361, 41.92085], [-87.63356, 41.92077], [-87.63349, 41.92074], [-87.63361, 41.92062], [-87.63366, 41.92062], [-87.63369, 41.92066], [-87.63386, 41.92065], [-87.63402, 41.9206], [-87.63413, 41.92051], [-87.63414, 41.92048], [-87.63408, 41.92042], [-87.63405, 41.92032], [-87.63411, 41.9203], [-87.6341, 41.92023], [-87.63401, 41.92008], [-87.63401, 41.92001], [-87.63394, 41.91992], [-87.63396, 41.91984], [-87.63402, 41.91977], [-87.63389, 41.91978], [-87.63354, 41.91968], [-87.63356, 41.91962], [-87.63362, 41.91958], [-87.63362, 41.91952], [-87.63366, 41.91944], [-87.6336, 41.91934], [-87.63364, 41.9193], [-87.63361, 41.91922], [-87.63372, 41.91899], [-87.6337, 41.91874], [-87.63356, 41.91872], [-87.63369, 41.91879], [-87.63371, 41.919], [-87.63361, 41.91922], [-87.63348, 41.91933], [-87.63336, 41.91932], [-87.63336, 41.91925], [-87.63329, 41.91913], [-87.63295, 41.91888], [-87.63314, 41.91868], [-87.63302, 41.91845], [-87.63305, 41.9183], [-87.63299, 41.9182], [-87.63288, 41.91816], [-87.63266, 41.91796], [-87.63262, 41.91789], [-87.63263, 41.91779], [-87.63254, 41.91775], [-87.63248, 41.9176], [-87.6323, 41.91757], [-87.6321, 41.91763], [-87.63196, 41.91762], [-87.63196, 41.91757], [-87.63185, 41.91748], [-87.63159, 41.91746], [-87.63142, 41.91754], [-87.63135, 41.91762], [-87.63127, 41.91761], [-87.63119, 41.91748], [-87.63115, 41.91748], [-87.63113, 41.91739], [-87.63116, 41.91715], [-87.63124, 41.91706], [-87.63117, 41.91685], [-87.63119, 41.91682], [-87.63116, 41.9167], [-87.63119, 41.91662], [-87.63197, 41.91646], [-87.63207, 41.91638], [-87.63216, 41.91624], [-87.63215, 41.91621], [-87.63288, 41.91626], [-87.63291, 41.91616], [-87.63306, 41.9161], [-87.63345, 41.91608], [-87.63353, 41.91616], [-87.63358, 41.91614]]}}, {"type": "Feature", "properties": {"name": "MCA", "source": "MCA.gpx", "points": 441}, "geometry": {"type": "LineString", "coordinates": [[-87.62531, 41.8896], [-87.6254, 41.88977], [-87.62522, 41.88976], [-87.62525, 41.88984], [-87.62534, 41.88989], [-87.62528, 41.89004], [-87.62524, 41.89006], [-87.62488, 41.89003], [-87.62466, 41.89009], [-87.62459, 41.89009], [-87.62463, 41.89007], [-87.62439, 41.89009], [-87.62426, 41.89013], [-87.62431, 41.89027], [-87.62431, 41.89024], [-87.62433, 41.89025], [-87.6243, 41.89031], [-87.62409, 41.89025], [-87.62376, 41.89021], [-87.62359, 41.89022], [-87.62367, 41.89023], [-87.6236, 41.89025], [-87.62367, 41.89022], [-87.62363, 41.89021], [-87.62354, 41.89026], [-87.62356, 41.89023], [-87.62352, 41.89021], [-87.62339, 41.89021], [-87.62333, 41.89018], [-87.62314, 41.89016], [-87.62372, 41.89012], [-87.62358, 41.89013], [-87.62363, 41.89001], [-87.6236, 41.88994], [-87.62336, 41.88993], [-87.62315, 41.89], [-87.62314, 41.89005], [-87.62313, 41.8901], [-87.6232, 41.89015], [-87.6238, 41.89014], [-87.62388, 41.89017], [-87.62391, 41.89025], [-87.62391, 41.89064], [-87.62388, 41.89066], [-87.62392, 41.89059], [-87.62398, 41.8906], [-87.62413, 41.89067], [-87.62419, 41.89073], [-87.62414, 41.89075], [-87.62419, 41.89079], [-87.62413, 41.89085], [-87.62408, 41.89106], [-87.62394, 41.8912], [-87.62399, 41.89146], [-87.62396, 41.89189], [-87.62398, 41.89194], [-87.62395, 41.89196], [-87.62401, 41.89204], [-87.62398, 41.89215], [-87.62395, 41.89278], [-87.62397, 41.89291], [-87.62405, 41.89291], [-87.62409, 41.89294], [-87.62407, 41.89285], [-87.6241, 41.89297], [-87.62423, 41.89306], [-87.62423, 41.89343], [-87.62415, 41.89376], [-87.62408, 41.89379], [-87.62402, 41.89407], [-87.624, 41.89408], [-87.624, 41.89406], [-87.62396, 41.89415], [-87.62395, 41.8942], [-87.62401, 41.89427], [-87.624, 41.89444], [-87.62367, 41.89436], [-87.62364, 41.8944], [-87.62353, 41.8944], [-87.62357, 41.89448], [-87.62365, 41.89449], [-87.62362, 41.89453], [-87.6237, 41.89444], [-87.62383, 41.89444], [-87.62382, 41.89447], [-87.62394, 41.89444], [-87.62403, 41.89452], [-87.62404, 41.89465], [-87.62413, 41.89467], [-87.62417, 41.89474], [-87.62425, 41.89478], [-87.62427, 41.89473], [-87.62421, 41.89511], [-87.62408, 41.89514], [-87.62406, 41.89518], [-87.62411, 41.89585], [-87.62406, 41.89602], [-87.62407, 41.89644], [-87.62404, 41.89661], [-87.62405, 41.89664], [-87.62406, 41.89662], [-87.62397, 41.89666], [-87.62404, 41.89676], [-87.62403, 41.89682], [-87.62392, 41.89685], [-87.62299, 41.89675], [-87.62258, 41.89682], [-87.62227, 41.8968], [-87.62185, 41.89681], [-87.62182, 41.89679], [-87.62165, 41.89681], [-87.62163, 41.89688], [-87.62168, 41.89698], [-87.62169, 41.89716], [-87.62164, 41.89721], [-87.62164, 41.89734], [-87.62158, 41.8974], [-87.62141, 41.89731], [-87.62109, 41.89724], [-87.62095, 41.89725], [-87.62094, 41.89728], [-87.62084, 41.89723], [-87.62088, 41.89723], [-87.62084, 41.89729], [-87.62091, 41.89734], [-87.6209, 41.89739], [-87.62086, 41.89736], [-87.62085, 41.89728], [-87.62106, 41.89726], [-87.62116, 41.89728], [-87.62112, 41.89737], [-87.62107, 41.89736], [-87.62111, 41.8974], [-87.62111, 41.89736], [-87.62104, 41.89732], [-87.62098, 41.89722], [-87.62085, 41.89721], [-87.62067, 41.89725], [-87.62084, 41.89726], [-87.62095, 41.89722], [-87.621, 41.89717], [-87.62098, 41.89716], [-87.62099, 41.89711], [-87.62107, 41.89714], [-87.62108, 41.89705], [-87.62098, 41.89704], [-87.62091, 41.8971], [-87.62095, 41.8971], [-87.62104, 41.89719], [-87.62098, 41.89728], [-87.62101, 41.89733], [-87.62111, 41.8973], [-87.6211, 41.89726], [-87.62112, 41.89737], [-87.62111, 41.89731], [-87.62116, 41.89731], [-87.62107, 41.89727], [-87.62111, 41.89728], [-87.62111, 41.89736], [-87.62111, 41.89731], [-87.62126, 41.89732], [-87.62113, 41.89731], [-87.62116, 41.89727], [-87.62109, 41.89726], [-87.62116, 41.89727], [-87.62108, 41.89728], [-87.62113, 41.89727], [-87.6211, 41.89727], [-87.62113, 41.89731], [-87.62113, 41.89727], [-87.62098, 41.89717], [-87.62099, 41.89721], [-87.62096, 41.89721], [-87.62093, 41.89731], [-87.62101, 41.89735], [-87.62096, 41.8974], [-87.62093, 41.89732], [-87.62096, 41.89729], [-87.6209, 41.8972], [-87.62093, 41.89713], [-87.6212, 41.89718], [-87.62122, 41.89719], [-87.62121, 41.89726], [-87.62126, 41.89725], [-87.62135, 41.89713], [-87.62121, 41.89713], [-87.62113, 41.89708], [-87.62113, 41.89696], [-87.62124, 41.89696], [-87.62119, 41.89697], [-87.62113, 41.8969], [-87.62142, 41.89688], [-87.6215, 41.89696], [-87.62149, 41.89694], [-87.62155, 41.89695], [-87.62153, 41.89693], [-87.62162, 41.8969], [-87.62154, 41.8969], [-87.62155, 41.89686], [-87.62144, 41.89694], [-87.62145, 41.89698], [-87.62149, 41.89692], [-87.62144, 41.89695], [-87.62148, 41.89695], [-87.62142, 41.89694], [-87.62145, 41.89695], [-87.62142, 41.89698], [-87.62144, 41.89694], [-87.62137, 41.89691], [-87.62118, 41.89707], [-87.62119, 41.89713], [-87.62115, 41.89706], [-87.62114, 41.89708], [-87.62124, 41.89712], [-87.6213, 41.89709], [-87.62129, 41.89704], [-87.62137, 41.89705], [-87.62125, 41.89714], [-87.62122, 41.89711], [-87.62119, 41.89714], [-87.62119, 41.89719], [-87.62127, 41.89719], [-87.62122, 41.8972], [-87.62124, 41.89722], [-87.62121, 41.8972], [-87.62116, 41.89727], [-87.62106, 41.89727], [-87.62105, 41.89732], [-87.62101, 41.89733], [-87.62101, 41.89742], [-87.62115, 41.89746], [-87.62122, 41.89741], [-87.62122, 41.89738], [-87.62121, 41.89741], [-87.62112, 41.8974], [-87.6212, 41.89742], [-87.62111, 41.89726], [-87.62114, 41.89729], [-87.62114, 41.8972], [-87.62111, 41.89727], [-87.62116, 41.89722], [-87.62113, 41.89722], [-87.6211, 41.89729], [-87.62119, 41.89725], [-87.6211, 41.89737], [-87.62114, 41.89716], [-87.62111, 41.89715], [-87.62115, 41.89717], [-87.62109, 41.89736], [-87.62112, 41.89737], [-87.62112, 41.89713], [-87.62115, 41.89737], [-87.62112, 41.89724], [-87.62117, 41.89724], [-87.62113, 41.89718], [-87.62111, 41.89734], [-87.62125, 41.89716], [-87.62115, 41.89716], [-87.62116, 41.89721], [-87.62117, 41.89713], [-87.62113, 41.89713], [-87.62115, 41.89715], [-87.62125, 41.89711], [-87.62115, 41.89714], [-87.62116, 41.89711], [-87.62117, 41.89719], [-87.6211, 41.89716], [-87.62114, 41.89712], [-87.62111, 41.89718], [-87.62114, 41.89716], [-87.62111, 41.89717], [-87.62117, 41.89711], [-87.62117, 41.89713], [-87.62119, 41.89709], [-87.62118, 41.89716], [-87.62115, 41.89717], [-87.62118, 41.89716], [-87.62115, 41.89716], [-87.62116, 41.89713], [-87.62115, 41.89716], [-87.6212, 41.89717], [-87.62119, 41.8972], [-87.62109, 41.89719], [-87.62116, 41.8972], [-87.62118, 41.89724], [-87.62127, 41.89722], [-87.62118, 41.89739], [-87.62124, 41.89739], [-87.62114, 41.89729], [-87.62097, 41.89726], [-87.62091, 41.89736], [-87.62094, 41.89743], [-87.62089, 41.8974], [-87.62091, 41.89739], [-87.62121, 41.89735], [-87.62135, 41.89723], [-87.62139, 41.89729], [-87.62136, 41.89734], [-87.6213, 41.89731], [-87.62129, 41.89733], [-87.6214, 41.89737], [-87.62139, 41.89739], [-87.62144, 41.89743], [-87.62142, 41.89741], [-87.62144, 41.8974], [-87.6214, 41.89744], [-87.62127, 41.89742], [-87.62119, 41.89736], [-87.62131, 41.89727], [-87.62132, 41.89724], [-87.62129, 41.89722], [-87.62123, 41.89721], [-87.62125, 41.89727], [-87.62134, 41.89737], [-87.62131, 41.89735], [-87.62135, 41.89733], [-87.62127, 41.89727], [-87.62128, 41.89734], [-87.62113, 41.89732], [-87.62113, 41.89722], [-87.62139, 41.89718], [-87.62107, 41.89712], [-87.62136, 41.89712], [-87.62163, 41.89721], [-87.62175, 41.8972], [-87.62174, 41.89715], [-87.62158, 41.89701], [-87.62164, 41.89693], [-87.62161, 41.89693], [-87.62162, 41.8969], [-87.62156, 41.89693], [-87.62157, 41.89685], [-87.62142, 41.89693], [-87.62146, 41.89702], [-87.62133, 41.89707], [-87.62122, 41.89722], [-87.62081, 41.89716], [-87.62078, 41.89726], [-87.62083, 41.89727], [-87.62079, 41.89732], [-87.62075, 41.89731], [-87.62077, 41.89725], [-87.62087, 41.89723], [-87.62095, 41.89729], [-87.62101, 41.89741], [-87.62095, 41.89738], [-87.62161, 41.89687], [-87.62147, 41.89686], [-87.62137, 41.89677], [-87.62122, 41.8968], [-87.62062, 41.89681], [-87.62041, 41.89679], [-87.62021, 41.89682], [-87.62025, 41.89683], [-87.62025, 41.89687], [-87.62026, 41.89682], [-87.62029, 41.89687], [-87.6203, 41.89682], [-87.62045, 41.8968], [-87.62033, 41.89664], [-87.62035, 41.89636], [-87.62026, 41.89604], [-87.62028, 41.89588], [-87.62027, 41.89567], [-87.62031, 41.89563], [-87.62024, 41.89546], [-87.62021, 41.89508], [-87.62014, 41.895], [-87.62017, 41.89485], [-87.62014, 41.89477], [-87.62017, 41.89486], [-87.62021, 41.89479], [-87.62017, 41.89468], [-87.6202, 41.89431], [-87.62019, 41.89429], [-87.62014, 41.89433], [-87.62013, 41.89399], [-87.62011, 41.89395], [-87.62015, 41.89389], [-87.62017, 41.89376], [-87.62024, 41.89373], [-87.62019, 41.89363], [-87.62032, 41.89339], [-87.62046, 41.89343], [-87.6205, 41.89349], [-87.62046, 41.89355], [-87.62048, 41.89356], [-87.62047, 41.89354], [-87.62037, 41.8936], [-87.62024, 41.8936], [-87.62013, 41.89369], [-87.62018, 41.89395], [-87.62042, 41.89413], [-87.62064, 41.8941], [-87.62162, 41.89411], [-87.62168, 41.89405], [-87.62178, 41.8941], [-87.62169, 41.89404], [-87.62171, 41.89403], [-87.62177, 41.89409], [-87.62174, 41.89403], [-87.62193, 41.89389], [-87.62198, 41.89386], [-87.622, 41.89389], [-87.62161, 41.89386], [-87.62152, 41.89396], [-87.62165, 41.89399], [-87.62163, 41.89409], [-87.6216, 41.8941], [-87.62179, 41.8941], [-87.62172, 41.89413], [-87.62177, 41.89411], [-87.62174, 41.89415], [-87.6218, 41.89416], [-87.62183, 41.8941], [-87.62181, 41.89409], [-87.62192, 41.89406], [-87.6217, 41.89399], [-87.6217, 41.89395], [-87.62174, 41.89393], [-87.62178, 41.89393], [-87.62177, 41.89395], [-87.6215, 41.89405], [-87.62149, 41.89412], [-87.62154, 41.8942], [-87.62143, 41.89424], [-87.62085, 41.89411], [-87.6205, 41.89412], [-87.62059, 41.89408], [-87.62061, 41.89401], [-87.62068, 41.89394], [-87.62085, 41.89384], [-87.62092, 41.89383], [-87.62089, 41.89379], [-87.62098, 41.89376], [-87.6215, 41.89387], [-87.62159, 41.89382], [-87.6206, 41.89357], [-87.62058, 41.89356], [-87.62059, 41.89353], [-87.62063, 41.89355]]}}, {"type": "Feature", "properties": {"name": "Museum Campus super early", "source": "Museum_Campus_super_early.gpx", "points": 397}, "geometry": {"type": "LineString", "coordinates": [[-87.64191, 41.88169], [-87.64179, 41.88191], [-87.64184, 41.88166], [-87.6419, 41.88171], [-87.64182, 41.88176], [-87.64141, 41.88177], [-87.64128, 41.88173], [-87.6413, 41.88129], [-87.64124, 41.88102], [-87.64128, 41.88096], [-87.64115, 41.88083], [-87.64105, 41.88079], [-87.64098, 41.88085], [-87.64079, 41.88088], [-87.64091, 41.881], [-87.64109, 41.88104], [-87.64117, 41.88111], [-87.64118, 41.88115], [-87.64109, 41.88127], [-87.64069, 41.88112], [-87.64046, 41.88119], [-87.63978, 41.88117], [-87.63959, 41.88104], [-87.63945, 41.88099], [-87.63935, 41.88087], [-87.63927, 41.88082], [-87.63904, 41.88075], [-87.63869, 41.8807], [-87.63852, 41.88078], [-87.63837, 41.88072], [-87.63782, 41.88075], [-87.63774, 41.88071], [-87.63726, 41.8807], [-87.63721, 41.88066], [-87.63692, 41.8807], [-87.63677, 41.88078], [-87.63655, 41.88081], [-87.63642, 41.88073], [-87.63614, 41.8807], [-87.6355, 41.8807], [-87.63544, 41.88071], [-87.63547, 41.88075], [-87.63537, 41.88077], [-87.63501, 41.88072], [-87.63469, 41.88073], [-87.63418, 41.88068], [-87.6337, 41.88073], [-87.63356, 41.88068], [-87.63331, 41.88073], [-87.63304, 41.88071], [-87.63295, 41.8807], [-87.63287, 41.88059], [-87.63253, 41.88057], [-87.63233, 41.88061], [-87.63102, 41.88061], [-87.63098, 41.88057], [-87.63086, 41.88018], [-87.63075, 41.88019], [-87.63048, 41.88033], [-87.63023, 41.8804], [-87.63021, 41.88043], [-87.63011, 41.88043], [-87.62991, 41.88062], [-87.62953, 41.8806], [-87.62948, 41.88055], [-87.62949, 41.88042], [-87.6294, 41.88031], [-87.62937, 41.88015], [-87.62928, 41.88007], [-87.62924, 41.87933], [-87.62927, 41.87928], [-87.62926, 41.87907], [-87.62933, 41.87879], [-87.6293, 41.87823], [-87.62939, 41.87784], [-87.62939, 41.87768], [-87.62915, 41.8772], [-87.62913, 41.87702], [-87.62917, 41.87693], [-87.62918, 41.8771], [-87.62909, 41.87709], [-87.62911, 41.87712], [-87.62901, 41.87707], [-87.62899, 41.87696], [-87.62896, 41.87696], [-87.62879, 41.87696], [-87.62842, 41.87709], [-87.62824, 41.87705], [-87.62708, 41.877], [-87.62682, 41.877], [-87.62676, 41.87705], [-87.62665, 41.87706], [-87.62645, 41.87701], [-87.62618, 41.87702], [-87.62595, 41.877], [-87.62582, 41.87705], [-87.62544, 41.87705], [-87.62533, 41.87708], [-87.62499, 41.87705], [-87.62454, 41.87705], [-87.62427, 41.87711], [-87.62407, 41.87707], [-87.62401, 41.87694], [-87.62347, 41.87649], [-87.62331, 41.87624], [-87.62325, 41.87621], [-87.62316, 41.87597], [-87.62312, 41.87549], [-87.62309, 41.87546], [-87.62317, 41.87532], [-87.62319, 41.87467], [-87.62322, 41.8745], [-87.62315, 41.87387], [-87.62317, 41.87335], [-87.62311, 41.87309], [-87.62268, 41.87309], [-87.62267, 41.87311], [-87.62251, 41.87315], [-87.62216, 41.87309], [-87.6209, 41.87312], [-87.62006, 41.87306], [-87.62001, 41.8714], [-87.62, 41.87129], [-87.61993, 41.87121], [-87.62, 41.87112], [-87.61996, 41.86995], [-87.62001, 41.86974], [-87.62025, 41.86973], [-87.62032, 41.86969], [-87.62019, 41.86939], [-87.62007, 41.86933], [-87.61987, 41.86931], [-87.61965, 41.86897], [-87.61916, 41.86866], [-87.61911, 41.86857], [-87.61861, 41.86828], [-87.61798, 41.86807], [-87.61776, 41.86804], [-87.61728, 41.86816], [-87.61691, 41.86821], [-87.61654, 41.8684], [-87.61624, 41.86862], [-87.61587, 41.86868], [-87.61575, 41.86861], [-87.61571, 41.86853], [-87.61542, 41.86833], [-87.61516, 41.86827], [-87.61483, 41.86828], [-87.61467, 41.86836], [-87.61454, 41.86836], [-87.61416, 41.86847], [-87.61397, 41.86844], [-87.61356, 41.86846], [-87.61355, 41.86844], [-87.61317, 41.86841], [-87.61286, 41.86829], [-87.61269, 41.86817], [-87.61248, 41.86794], [-87.61244, 41.86779], [-87.61242, 41.86747], [-87.61254, 41.86723], [-87.61276, 41.86697], [-87.61276, 41.8668], [-87.61271, 41.86673], [-87.61234, 41.86672], [-87.6123, 41.86666], [-87.61223, 41.86667], [-87.61225, 41.8667], [-87.61202, 41.86667], [-87.6119, 41.86669], [-87.6116, 41.86662], [-87.611, 41.86669], [-87.61021, 41.86668], [-87.61006, 41.8667], [-87.61006, 41.86673], [-87.60983, 41.86669], [-87.60937, 41.86673], [-87.60879, 41.86673], [-87.60867, 41.86676], [-87.60837, 41.86674], [-87.60828, 41.86677], [-87.60821, 41.86674], [-87.6077, 41.86677], [-87.60766, 41.86678], [-87.60749, 41.86694], [-87.60721, 41.86709], [-87.60685, 41.86715], [-87.60642, 41.8671], [-87.60606, 41.86694], [-87.60586, 41.86673], [-87.60578, 41.86659], [-87.60574, 41.86645], [-87.60576, 41.86623], [-87.60584, 41.86603], [-87.60595, 41.86588], [-87.60621, 41.8657], [-87.60622, 41.86554], [-87.60619, 41.86547], [-87.60638, 41.86556], [-87.60658, 41.86558], [-87.6071, 41.86542], [-87.6071, 41.86538], [-87.60705, 41.86533], [-87.60739, 41.86529], [-87.60738, 41.86515], [-87.60748, 41.86503], [-87.60761, 41.8647], [-87.60759, 41.86461], [-87.60765, 41.86457], [-87.60772, 41.86433], [-87.60782, 41.8642], [-87.6078, 41.86315], [-87.6077, 41.8627], [-87.6076, 41.86255], [-87.60727, 41.86232], [-87.60721, 41.86221], [-87.60723, 41.8621], [-87.6075, 41.86179], [-87.60771, 41.86166], [-87.60785, 41.86164], [-87.60799, 41.86151], [-87.60856, 41.86136], [-87.60875, 41.86137], [-87.60915, 41.86132], [-87.60911, 41.86117], [-87.60925, 41.8608], [-87.60926, 41.86054], [-87.60938, 41.86047], [-87.60981, 41.86045], [-87.60981, 41.86031], [-87.60977, 41.8602], [-87.60981, 41.86015], [-87.60989, 41.86012], [-87.61004, 41.86012], [-87.61024, 41.86008], [-87.61029, 41.86014], [-87.61033, 41.86032], [-87.61036, 41.8605], [-87.61034, 41.86066], [-87.61036, 41.86068], [-87.61038, 41.86066], [-87.61036, 41.86064], [-87.6104, 41.86065], [-87.61016, 41.86076], [-87.61018, 41.86099], [-87.61023, 41.86102], [-87.61024, 41.8611], [-87.61021, 41.86128], [-87.61012, 41.86144], [-87.61011, 41.8616], [-87.61015, 41.86167], [-87.60999, 41.86191], [-87.61, 41.86207], [-87.60981, 41.86244], [-87.60979, 41.86274], [-87.60971, 41.86301], [-87.60961, 41.86358], [-87.60971, 41.86382], [-87.60967, 41.86403], [-87.60989, 41.86444], [-87.60985, 41.86455], [-87.61008, 41.86483], [-87.61024, 41.86518], [-87.61044, 41.86535], [-87.61046, 41.8654], [-87.61046, 41.86565], [-87.61054, 41.86606], [-87.6105, 41.86627], [-87.61052, 41.86631], [-87.6105, 41.86633], [-87.61054, 41.86625], [-87.61069, 41.86623], [-87.61109, 41.86626], [-87.61201, 41.8662], [-87.61269, 41.86624], [-87.6128, 41.86649], [-87.61302, 41.86651], [-87.61362, 41.8665], [-87.61383, 41.86644], [-87.61404, 41.86645], [-87.61419, 41.86636], [-87.6142, 41.86631], [-87.61431, 41.86623], [-87.61441, 41.86619], [-87.61472, 41.86625], [-87.61491, 41.86623], [-87.61501, 41.86631], [-87.61514, 41.8663], [-87.61522, 41.86631], [-87.61523, 41.86634], [-87.6154, 41.86633], [-87.61543, 41.86637], [-87.61538, 41.86658], [-87.61545, 41.86686], [-87.61543, 41.867], [-87.61568, 41.86717], [-87.61571, 41.86726], [-87.61568, 41.86741], [-87.61569, 41.86753], [-87.61588, 41.86763], [-87.61592, 41.86771], [-87.6159, 41.8678], [-87.61604, 41.86803], [-87.616, 41.86814], [-87.61577, 41.8683], [-87.6157, 41.86853], [-87.61573, 41.86862], [-87.6158, 41.86869], [-87.61623, 41.86888], [-87.61626, 41.86913], [-87.61631, 41.87244], [-87.61633, 41.87261], [-87.61639, 41.87264], [-87.61632, 41.87267], [-87.61631, 41.87271], [-87.61636, 41.87289], [-87.61632, 41.87304], [-87.61635, 41.87382], [-87.61627, 41.87429], [-87.61625, 41.8749], [-87.61628, 41.87517], [-87.61624, 41.87535], [-87.61623, 41.8757], [-87.61626, 41.87578], [-87.61628, 41.87597], [-87.61625, 41.87631], [-87.61628, 41.87639], [-87.61627, 41.87707], [-87.61633, 41.87736], [-87.61632, 41.87745], [-87.61628, 41.87748], [-87.61643, 41.87782], [-87.61648, 41.87833], [-87.61644, 41.87915], [-87.61649, 41.87926], [-87.61646, 41.87938], [-87.6165, 41.87954], [-87.61648, 41.87972], [-87.61652, 41.88002], [-87.61652, 41.8804], [-87.61651, 41.88063], [-87.61645, 41.88067], [-87.61652, 41.88064], [-87.61658, 41.88083], [-87.61667, 41.88086], [-87.61711, 41.88082], [-87.61716, 41.88092], [-87.61715, 41.88103], [-87.61725, 41.88106], [-87.61875, 41.88105], [-87.61896, 41.88111], [-87.61999, 41.88101], [-87.62006, 41.88098], [-87.62042, 41.88099], [-87.62055, 41.88102], [-87.62098, 41.88099], [-87.62169, 41.88099], [-87.62223, 41.88095], [-87.62375, 41.88092], [-87.6241, 41.88096], [-87.62411, 41.88098], [-87.62413, 41.88093], [-87.62419, 41.8809], [-87.62432, 41.88094], [-87.62463, 41.88086], [-87.62502, 41.88088], [-87.62532, 41.88083], [-87.62535, 41.88082], [-87.62538, 41.88075], [-87.62551, 41.88058], [-87.62564, 41.88049], [-87.62576, 41.88045], [-87.62606, 41.88048], [-87.62619, 41.88055], [-87.62621, 41.8806], [-87.62617, 41.88077], [-87.62621, 41.88095], [-87.62624, 41.88099], [-87.62629, 41.88096], [-87.6263, 41.88105], [-87.62627, 41.88106], [-87.62632, 41.88114], [-87.62657, 41.88122], [-87.62664, 41.88121], [-87.62681, 41.8811], [-87.62706, 41.881], [-87.62727, 41.88096], [-87.62734, 41.88087], [-87.62754, 41.88091], [-87.62788, 41.88083], [-87.62828, 41.8808], [-87.62841, 41.88082], [-87.62855, 41.88076], [-87.62968, 41.88071], [-87.62973, 41.88059], [-87.63024, 41.88063], [-87.63092, 41.88057]]}}, {"type": "Feature", "properties": {"name": "Navy Pier + Lakeshore East Park", "source": "Navy_Pier_Lakeshore_East_Park.gpx", "points": 737}, "geometry": {"type": "LineString", "coordinates": [[-87.64192, 41.88162], [-87.64198, 41.88168], [-87.64187, 41.88161], [-87.64191, 41.88166], [-87.64179, 41.88176], [-87.64166, 41.88175], [-87.64158, 41.88179], [-87.64127, 41.88176], [-87.64131, 41.88199], [-87.64139, 41.88202], [-87.64136, 41.88198], [-87.64108, 41.88184], [-87.64093, 41.88189], [-87.64054, 41.88189], [-87.64032, 41.88194], [-87.64003, 41.88195], [-87.6398, 41.88184], [-87.6397, 41.88172], [-87.63936, 41.8816], [-87.6391, 41.88161], [-87.63886, 41.88182], [-87.63876, 41.88186], [-87.63877, 41.88196], [-87.63871, 41.88219], [-87.63865, 41.88224], [-87.63863, 41.88238], [-87.63865, 41.8828], [-87.63862, 41.88305], [-87.63866, 41.88334], [-87.63857, 41.88354], [-87.63857, 41.88371], [-87.63862, 41.88379], [-87.63844, 41.88399], [-87.63847, 41.88408], [-87.63846, 41.88415], [-87.63837, 41.88419], [-87.63836, 41.88424], [-87.63834, 41.8842], [-87.63829, 41.88434], [-87.63818, 41.88438], [-87.63797, 41.88439], [-87.63782, 41.88431], [-87.6378, 41.88434], [-87.6375, 41.88432], [-87.63749, 41.88443], [-87.63741, 41.88451], [-87.63742, 41.88456], [-87.6372, 41.88461], [-87.63715, 41.88466], [-87.63712, 41.88477], [-87.63712, 41.88488], [-87.63706, 41.885], [-87.63699, 41.88502], [-87.63697, 41.88506], [-87.63695, 41.88528], [-87.63697, 41.88539], [-87.63689, 41.88543], [-87.63685, 41.88541], [-87.63675, 41.88544], [-87.63665, 41.88555], [-87.63652, 41.88561], [-87.63584, 41.88558], [-87.6358, 41.88562], [-87.63562, 41.88562], [-87.63559, 41.88567], [-87.63542, 41.88566], [-87.63533, 41.8856], [-87.63507, 41.88563], [-87.6343, 41.88562], [-87.63376, 41.88567], [-87.63268, 41.88565], [-87.63261, 41.8857], [-87.63258, 41.88586], [-87.63266, 41.88581], [-87.63263, 41.8858], [-87.63217, 41.88578], [-87.63195, 41.88574], [-87.63187, 41.88576], [-87.63181, 41.88573], [-87.63177, 41.88564], [-87.63171, 41.88562], [-87.63115, 41.88567], [-87.63082, 41.88585], [-87.63062, 41.88578], [-87.62996, 41.88579], [-87.62958, 41.88581], [-87.62938, 41.88587], [-87.62928, 41.88585], [-87.62928, 41.88591], [-87.62919, 41.88584], [-87.62905, 41.88582], [-87.62888, 41.88584], [-87.62873, 41.88591], [-87.6288, 41.88593], [-87.62873, 41.88585], [-87.62845, 41.88585], [-87.6284, 41.88586], [-87.62849, 41.88585], [-87.62915, 41.88611], [-87.62908, 41.88603], [-87.62865, 41.88601], [-87.62843, 41.88615], [-87.62831, 41.88628], [-87.62817, 41.88631], [-87.62725, 41.88626], [-87.62552, 41.88631], [-87.62505, 41.88618], [-87.62492, 41.88589], [-87.62481, 41.88581], [-87.62469, 41.88582], [-87.62466, 41.88587], [-87.62447, 41.88582], [-87.62455, 41.88572], [-87.62414, 41.88574], [-87.62405, 41.88554], [-87.62406, 41.88513], [-87.62402, 41.885], [-87.62405, 41.88488], [-87.62405, 41.88473], [-87.62399, 41.88467], [-87.6239, 41.88464], [-87.62373, 41.88468], [-87.6236, 41.88465], [-87.62331, 41.88469], [-87.62319, 41.88464], [-87.62303, 41.88468], [-87.62285, 41.8846], [-87.6223, 41.88457], [-87.62206, 41.88462], [-87.62126, 41.8846], [-87.62073, 41.88463], [-87.62068, 41.88466], [-87.62024, 41.88462], [-87.61971, 41.88462], [-87.61961, 41.88459], [-87.61943, 41.88465], [-87.61932, 41.88462], [-87.6189, 41.88464], [-87.61849, 41.8846], [-87.61838, 41.88468], [-87.61825, 41.8847], [-87.61808, 41.88462], [-87.61785, 41.88458], [-87.61778, 41.88462], [-87.61745, 41.88467], [-87.6175, 41.88471], [-87.61755, 41.88488], [-87.6175, 41.88505], [-87.61756, 41.88523], [-87.61748, 41.8854], [-87.61749, 41.88546], [-87.61756, 41.88555], [-87.6175, 41.88568], [-87.61752, 41.88571], [-87.61759, 41.88579], [-87.61775, 41.88576], [-87.61837, 41.88599], [-87.61865, 41.88613], [-87.61873, 41.88629], [-87.61886, 41.88622], [-87.61887, 41.88615], [-87.61884, 41.88611], [-87.61887, 41.88607], [-87.61881, 41.88601], [-87.61842, 41.88583], [-87.61838, 41.88585], [-87.61815, 41.88578], [-87.61732, 41.88576], [-87.61714, 41.88579], [-87.61685, 41.88576], [-87.61675, 41.88581], [-87.61679, 41.88589], [-87.61704, 41.88609], [-87.61741, 41.88627], [-87.6174, 41.88643], [-87.61728, 41.88648], [-87.6167, 41.88651], [-87.61665, 41.88659], [-87.61659, 41.8866], [-87.6163, 41.88658], [-87.61622, 41.88652], [-87.61618, 41.88643], [-87.6162, 41.88603], [-87.61625, 41.8859], [-87.61619, 41.88573], [-87.61619, 41.8856], [-87.61631, 41.88549], [-87.61654, 41.88549], [-87.61667, 41.88545], [-87.61735, 41.88547], [-87.61737, 41.88544], [-87.61735, 41.88539], [-87.61726, 41.88532], [-87.61724, 41.88527], [-87.61727, 41.88513], [-87.61726, 41.88468], [-87.61729, 41.88465], [-87.61721, 41.88462], [-87.61675, 41.88467], [-87.61643, 41.88466], [-87.61621, 41.88461], [-87.61596, 41.88464], [-87.6158, 41.88472], [-87.6159, 41.88489], [-87.61588, 41.885], [-87.61582, 41.88507], [-87.61584, 41.8855], [-87.61577, 41.88555], [-87.61566, 41.88577], [-87.61566, 41.88582], [-87.61573, 41.88587], [-87.61585, 41.88584], [-87.61589, 41.88586], [-87.61582, 41.88599], [-87.61585, 41.88612], [-87.61583, 41.88617], [-87.61574, 41.88621], [-87.61567, 41.88607], [-87.61551, 41.88606], [-87.61533, 41.88607], [-87.61521, 41.88605], [-87.61499, 41.88612], [-87.61481, 41.88609], [-87.61466, 41.88613], [-87.61468, 41.88589], [-87.61462, 41.88596], [-87.61461, 41.88608], [-87.61455, 41.88593], [-87.61443, 41.88599], [-87.61439, 41.88598], [-87.61429, 41.88607], [-87.61427, 41.88602], [-87.61411, 41.88599], [-87.61343, 41.88608], [-87.61339, 41.88612], [-87.6134, 41.88622], [-87.6133, 41.88633], [-87.61333, 41.88662], [-87.61341, 41.88674], [-87.61338, 41.88678], [-87.61347, 41.8869], [-87.61352, 41.88707], [-87.61351, 41.88723], [-87.61357, 41.88737], [-87.61378, 41.88758], [-87.61386, 41.88797], [-87.61396, 41.88807], [-87.61391, 41.88812], [-87.61393, 41.88822], [-87.61388, 41.88847], [-87.61391, 41.88851], [-87.61387, 41.88873], [-87.61391, 41.88892], [-87.61383, 41.88903], [-87.61369, 41.88941], [-87.61365, 41.88965], [-87.61361, 41.88969], [-87.61365, 41.88985], [-87.6136, 41.89036], [-87.61354, 41.89049], [-87.61343, 41.89063], [-87.61329, 41.89069], [-87.61319, 41.89078], [-87.6129, 41.89082], [-87.61258, 41.8908], [-87.6125, 41.89084], [-87.61229, 41.89085], [-87.61152, 41.89082], [-87.61134, 41.89088], [-87.61122, 41.89089], [-87.61116, 41.89093], [-87.61116, 41.89104], [-87.61105, 41.89112], [-87.61071, 41.89111], [-87.61078, 41.89133], [-87.61074, 41.89146], [-87.61079, 41.89163], [-87.61074, 41.89176], [-87.6107, 41.89179], [-87.61064, 41.89181], [-87.61056, 41.89178], [-87.61047, 41.89182], [-87.61037, 41.89178], [-87.61026, 41.89164], [-87.61001, 41.89167], [-87.6099, 41.89163], [-87.60984, 41.89154], [-87.60983, 41.89121], [-87.60981, 41.89119], [-87.60915, 41.89115], [-87.6089, 41.89118], [-87.60876, 41.89112], [-87.60879, 41.89105], [-87.60877, 41.8911], [-87.60863, 41.89113], [-87.60836, 41.89111], [-87.6082, 41.89113], [-87.60797, 41.89109], [-87.60774, 41.8911], [-87.60759, 41.89114], [-87.60754, 41.89122], [-87.60739, 41.89112], [-87.6067, 41.89114], [-87.60658, 41.89117], [-87.60492, 41.89116], [-87.60475, 41.89118], [-87.60468, 41.89115], [-87.60413, 41.89123], [-87.60368, 41.89116], [-87.60352, 41.89128], [-87.60354, 41.89121], [-87.60347, 41.89119], [-87.603, 41.89128], [-87.60271, 41.89128], [-87.60259, 41.89123], [-87.6024, 41.89121], [-87.60149, 41.89123], [-87.60144, 41.8912], [-87.60125, 41.89123], [-87.60106, 41.89121], [-87.60096, 41.89122], [-87.60097, 41.89128], [-87.6007, 41.89142], [-87.60049, 41.89149], [-87.60013, 41.89147], [-87.60004, 41.8915], [-87.59995, 41.89149], [-87.59995, 41.89152], [-87.60009, 41.89156], [-87.60035, 41.89151], [-87.60062, 41.89152], [-87.6011, 41.89136], [-87.60129, 41.89127], [-87.60165, 41.89126], [-87.60198, 41.8913], [-87.60229, 41.89127], [-87.6025, 41.8913], [-87.60263, 41.89127], [-87.60287, 41.89137], [-87.60299, 41.89139], [-87.60316, 41.89132], [-87.60344, 41.89127], [-87.60391, 41.89124], [-87.6044, 41.89125], [-87.60516, 41.8912], [-87.60547, 41.89122], [-87.60567, 41.89119], [-87.60649, 41.89116], [-87.60661, 41.89118], [-87.60678, 41.89115], [-87.60748, 41.89118], [-87.60811, 41.89116], [-87.60826, 41.8912], [-87.60863, 41.89122], [-87.60864, 41.89127], [-87.60854, 41.89139], [-87.60858, 41.89151], [-87.60864, 41.89157], [-87.60861, 41.89162], [-87.60852, 41.89162], [-87.60849, 41.89166], [-87.60858, 41.89174], [-87.60872, 41.89172], [-87.60886, 41.89178], [-87.609, 41.89207], [-87.60926, 41.89209], [-87.60961, 41.89205], [-87.60991, 41.8921], [-87.60978, 41.89211], [-87.60994, 41.89223], [-87.60989, 41.89247], [-87.60992, 41.89286], [-87.60995, 41.89292], [-87.60995, 41.89305], [-87.60998, 41.89308], [-87.61031, 41.89314], [-87.61061, 41.89307], [-87.61082, 41.89297], [-87.61109, 41.89274], [-87.61115, 41.89264], [-87.61127, 41.89256], [-87.61137, 41.89259], [-87.61145, 41.89255], [-87.61156, 41.89256], [-87.61163, 41.89258], [-87.61165, 41.89263], [-87.61179, 41.89271], [-87.6121, 41.8927], [-87.61216, 41.89276], [-87.61221, 41.89287], [-87.61203, 41.89302], [-87.6119, 41.89322], [-87.61183, 41.89325], [-87.61187, 41.89344], [-87.61171, 41.89357], [-87.61157, 41.89377], [-87.61121, 41.89373], [-87.61113, 41.89355], [-87.6109, 41.89344], [-87.61076, 41.89347], [-87.61066, 41.89355], [-87.61057, 41.89354], [-87.6105, 41.89369], [-87.61054, 41.89384], [-87.61052, 41.89387], [-87.61011, 41.894], [-87.61004, 41.89398], [-87.60994, 41.89389], [-87.60981, 41.89388], [-87.60958, 41.894], [-87.60954, 41.89408], [-87.6096, 41.89414], [-87.60958, 41.89419], [-87.60963, 41.89424], [-87.60975, 41.89431], [-87.61, 41.89432], [-87.61001, 41.89469], [-87.60996, 41.8947], [-87.61002, 41.89475], [-87.61002, 41.8948], [-87.60999, 41.89489], [-87.60983, 41.89501], [-87.60961, 41.89499], [-87.60952, 41.89502], [-87.60947, 41.89516], [-87.60958, 41.89525], [-87.60975, 41.89529], [-87.60978, 41.89537], [-87.60969, 41.89543], [-87.60966, 41.89561], [-87.60975, 41.89573], [-87.60988, 41.89582], [-87.61, 41.89577], [-87.61006, 41.89572], [-87.61013, 41.89571], [-87.61019, 41.89564], [-87.61033, 41.8957], [-87.61029, 41.89583], [-87.61013, 41.89595], [-87.61006, 41.89606], [-87.60974, 41.89608], [-87.60976, 41.89612], [-87.61001, 41.89612], [-87.61007, 41.89619], [-87.61014, 41.89619], [-87.61016, 41.89604], [-87.61026, 41.89602], [-87.61025, 41.89592], [-87.61032, 41.89577], [-87.61032, 41.89568], [-87.61021, 41.89561], [-87.61023, 41.8955], [-87.6102, 41.89541], [-87.61, 41.89526], [-87.61005, 41.8951], [-87.61021, 41.89511], [-87.61073, 41.89506], [-87.61089, 41.89518], [-87.61088, 41.8952], [-87.61091, 41.89517], [-87.61088, 41.89511], [-87.61071, 41.89501], [-87.61051, 41.89481], [-87.61038, 41.8946], [-87.61069, 41.89444], [-87.61079, 41.89448], [-87.61091, 41.89445], [-87.61096, 41.89437], [-87.61104, 41.89438], [-87.61109, 41.89445], [-87.61114, 41.89447], [-87.61121, 41.89448], [-87.61127, 41.89444], [-87.61144, 41.89409], [-87.61231, 41.89272], [-87.61244, 41.89269], [-87.61253, 41.8928], [-87.61272, 41.89287], [-87.61271, 41.89295], [-87.61276, 41.89304], [-87.61272, 41.89288], [-87.61284, 41.89285], [-87.61296, 41.89284], [-87.61305, 41.89287], [-87.61309, 41.89299], [-87.61313, 41.89301], [-87.61332, 41.89299], [-87.61326, 41.8927], [-87.61347, 41.89239], [-87.61351, 41.8923], [-87.61348, 41.89224], [-87.61353, 41.8922], [-87.61358, 41.89222], [-87.61357, 41.89213], [-87.61368, 41.89207], [-87.6137, 41.89198], [-87.61384, 41.89175], [-87.61379, 41.89129], [-87.61369, 41.89102], [-87.61374, 41.8909], [-87.61371, 41.89056], [-87.61371, 41.89003], [-87.61367, 41.88966], [-87.61371, 41.88937], [-87.61387, 41.88898], [-87.61394, 41.88896], [-87.61386, 41.88887], [-87.61386, 41.88863], [-87.61381, 41.88843], [-87.61383, 41.88814], [-87.61378, 41.88793], [-87.6138, 41.88787], [-87.61382, 41.88788], [-87.6138, 41.88765], [-87.61355, 41.88728], [-87.61352, 41.88693], [-87.61355, 41.8869], [-87.61337, 41.88656], [-87.61338, 41.8864], [-87.61335, 41.88637], [-87.61335, 41.88601], [-87.61325, 41.88552], [-87.61327, 41.885], [-87.61324, 41.88493], [-87.61315, 41.88486], [-87.61304, 41.88461], [-87.61308, 41.8845], [-87.61308, 41.88429], [-87.61286, 41.88421], [-87.61281, 41.88416], [-87.61289, 41.884], [-87.61289, 41.88373], [-87.61286, 41.88367], [-87.61289, 41.88355], [-87.61306, 41.88327], [-87.6133, 41.88305], [-87.61352, 41.88298], [-87.61357, 41.88288], [-87.61434, 41.88261], [-87.615, 41.88256], [-87.61563, 41.88257], [-87.61585, 41.88251], [-87.61621, 41.88236], [-87.61642, 41.88216], [-87.61648, 41.882], [-87.61655, 41.88196], [-87.61663, 41.88184], [-87.6166, 41.88168], [-87.6167, 41.88155], [-87.61669, 41.88148], [-87.61662, 41.8814], [-87.61664, 41.88101], [-87.61661, 41.88088], [-87.61664, 41.88082], [-87.61672, 41.88083], [-87.61684, 41.88089], [-87.6169, 41.88086], [-87.61686, 41.88081], [-87.61687, 41.88084], [-87.61708, 41.88083], [-87.61709, 41.88086], [-87.61706, 41.88084], [-87.61708, 41.88087], [-87.61706, 41.88102], [-87.61711, 41.88107], [-87.61765, 41.8811], [-87.61777, 41.88128], [-87.61803, 41.88148], [-87.61839, 41.88155], [-87.61868, 41.88149], [-87.6188, 41.88152], [-87.61893, 41.88157], [-87.61905, 41.88158], [-87.61907, 41.88164], [-87.6192, 41.88168], [-87.61935, 41.8818], [-87.6194, 41.8818], [-87.61946, 41.88172], [-87.61943, 41.88172], [-87.61946, 41.88162], [-87.61953, 41.88158], [-87.61963, 41.88159], [-87.61995, 41.88137], [-87.62021, 41.88125], [-87.62031, 41.88115], [-87.62029, 41.88103], [-87.62043, 41.88099], [-87.62053, 41.881], [-87.62061, 41.88096], [-87.6206, 41.88099], [-87.6207, 41.8809], [-87.62069, 41.88077], [-87.62063, 41.88066], [-87.62082, 41.88054], [-87.62085, 41.88025], [-87.62099, 41.88021], [-87.62093, 41.87976], [-87.6209, 41.87972], [-87.62093, 41.87968], [-87.62091, 41.87962], [-87.62093, 41.87929], [-87.62097, 41.87928], [-87.62097, 41.87935], [-87.621, 41.87934], [-87.62098, 41.8794], [-87.62103, 41.87924], [-87.62096, 41.87953], [-87.62095, 41.87967], [-87.62099, 41.87984], [-87.62097, 41.87992], [-87.62103, 41.88047], [-87.62113, 41.88059], [-87.62064, 41.88067], [-87.62068, 41.88075], [-87.62128, 41.88081], [-87.62155, 41.88075], [-87.62196, 41.88073], [-87.62244, 41.88075], [-87.62262, 41.88072], [-87.62296, 41.88078], [-87.62303, 41.88076], [-87.62328, 41.88078], [-87.62422, 41.88074], [-87.62427, 41.88066], [-87.6242, 41.8806], [-87.62424, 41.88033], [-87.6242, 41.88014], [-87.62426, 41.87971], [-87.62425, 41.87942], [-87.62427, 41.87941], [-87.62429, 41.87945], [-87.62424, 41.8795], [-87.62416, 41.87938], [-87.62415, 41.87931], [-87.62404, 41.87923], [-87.62402, 41.87915], [-87.62408, 41.87907], [-87.62409, 41.87893], [-87.62415, 41.87887], [-87.62412, 41.87877], [-87.62417, 41.87871], [-87.62417, 41.87838], [-87.62422, 41.87831], [-87.62459, 41.87828], [-87.62454, 41.87825], [-87.62461, 41.87831], [-87.62481, 41.87826], [-87.62492, 41.87831], [-87.62503, 41.87828], [-87.62507, 41.87822], [-87.62519, 41.87829], [-87.62534, 41.87831], [-87.62572, 41.8783], [-87.62604, 41.87832], [-87.62627, 41.87826], [-87.62673, 41.87829], [-87.62696, 41.87823], [-87.62727, 41.87827], [-87.62754, 41.87819], [-87.62764, 41.87821], [-87.62811, 41.87818], [-87.62822, 41.87823], [-87.62837, 41.87818], [-87.62843, 41.87822], [-87.62882, 41.87824], [-87.62932, 41.87823], [-87.62945, 41.87825], [-87.63058, 41.87815], [-87.63075, 41.87815], [-87.63078, 41.87818], [-87.63086, 41.87816], [-87.63071, 41.87812], [-87.6307, 41.87814], [-87.63084, 41.8782], [-87.63093, 41.87818], [-87.63091, 41.8782], [-87.63126, 41.87815], [-87.63184, 41.87816], [-87.63186, 41.87815], [-87.63184, 41.87812], [-87.63197, 41.87817], [-87.63211, 41.87818], [-87.63214, 41.87825], [-87.63215, 41.87819], [-87.63222, 41.87817], [-87.63236, 41.87819], [-87.63337, 41.87817], [-87.63398, 41.87813], [-87.63511, 41.87815], [-87.63509, 41.87817], [-87.63511, 41.87823], [-87.63514, 41.87813], [-87.63525, 41.87818], [-87.63584, 41.87812], [-87.63606, 41.87814], [-87.6362, 41.87811], [-87.63668, 41.87816], [-87.63694, 41.87811], [-87.63678, 41.87803], [-87.63676, 41.87805], [-87.63679, 41.87806], [-87.63733, 41.8781], [-87.63751, 41.87814], [-87.63765, 41.87811], [-87.63763, 41.87814], [-87.63767, 41.87815], [-87.63817, 41.87813], [-87.63832, 41.87817], [-87.6384, 41.87816], [-87.63841, 41.87834], [-87.63831, 41.87835], [-87.63841, 41.87878], [-87.63855, 41.87906], [-87.6387, 41.87917], [-87.63874, 41.87928], [-87.63958, 41.87928], [-87.6396, 41.87924], [-87.63992, 41.87925], [-87.6399, 41.8792], [-87.64074, 41.87924], [-87.64101, 41.87923], [-87.64104, 41.87928], [-87.64095, 41.87929], [-87.6409, 41.87936], [-87.64087, 41.87949], [-87.64103, 41.87964], [-87.64105, 41.88012], [-87.64117, 41.88053], [-87.6413, 41.88049], [-87.64171, 41.88049], [-87.64167, 41.88047], [-87.64254, 41.8805], [-87.64252, 41.88055], [-87.64255, 41.88064], [-87.64254, 41.88147], [-87.64249, 41.88151], [-87.64205, 41.88154]]}}, {"type": "Feature", "properties": {"name": "Northsideee", "source": "Northsideee.gpx", "points": 1374}, "geometry": {"type": "LineString", "coordinates": [[-87.64926, 41.92184], [-87.64933, 41.92186], [-87.64985, 41.92186], [-87.65002, 41.92182], [-87.65016, 41.92186], [-87.65066, 41.92184], [-87.65108, 41.92187], [-87.65116, 41.92186], [-87.65126, 41.92179], [-87.65163, 41.92182], [-87.65362, 41.9218], [-87.65417, 41.92182], [-87.65422, 41.92189], [-87.65418, 41.92205], [-87.6542, 41.922], [-87.65416, 41.92189], [-87.65413, 41.92189], [-87.65427, 41.92192], [-87.65433, 41.92202], [-87.65417, 41.92209], [-87.65417, 41.92219], [-87.65438, 41.92234], [-87.65452, 41.92235], [-87.65462, 41.92248], [-87.65462, 41.92278], [-87.65468, 41.92294], [-87.65469, 41.92333], [-87.65468, 41.9234], [-87.65463, 41.92338], [-87.65458, 41.9235], [-87.6546, 41.92359], [-87.65524, 41.92359], [-87.65549, 41.92357], [-87.65589, 41.92361], [-87.65676, 41.92358], [-87.65684, 41.92355], [-87.65723, 41.92359], [-87.65754, 41.92356], [-87.65788, 41.92357], [-87.65791, 41.92363], [-87.65834, 41.92359], [-87.65831, 41.92377], [-87.65832, 41.92409], [-87.65847, 41.9248], [-87.65854, 41.92482], [-87.65854, 41.92518], [-87.65806, 41.9252], [-87.65799, 41.92522], [-87.658, 41.92524], [-87.65775, 41.9252], [-87.65734, 41.9252], [-87.65717, 41.92523], [-87.65712, 41.92519], [-87.65717, 41.92493], [-87.65712, 41.92455], [-87.65713, 41.92402], [-87.65646, 41.92401], [-87.6561, 41.92407], [-87.65604, 41.92426], [-87.65606, 41.92451], [-87.65642, 41.92459], [-87.65663, 41.92467], [-87.65665, 41.9247], [-87.65661, 41.92482], [-87.65646, 41.92485], [-87.65629, 41.92479], [-87.6563, 41.92482], [-87.65628, 41.92479], [-87.6561, 41.9248], [-87.656, 41.92464], [-87.65577, 41.92461], [-87.65551, 41.92468], [-87.65554, 41.92472], [-87.65551, 41.92474], [-87.65587, 41.92484], [-87.656, 41.92522], [-87.65475, 41.92525], [-87.65468, 41.92527], [-87.65471, 41.92518], [-87.65472, 41.92489], [-87.65469, 41.92381], [-87.65466, 41.92362], [-87.65412, 41.92357], [-87.65405, 41.92346], [-87.65373, 41.92347], [-87.65365, 41.92345], [-87.65368, 41.92351], [-87.65365, 41.92356], [-87.65351, 41.92352], [-87.65341, 41.92334], [-87.65346, 41.92314], [-87.65344, 41.92311], [-87.65341, 41.92318], [-87.65331, 41.92327], [-87.65305, 41.92341], [-87.6528, 41.92343], [-87.65243, 41.92354], [-87.6524, 41.92358], [-87.65231, 41.92361], [-87.65226, 41.9237], [-87.65196, 41.9239], [-87.65183, 41.92404], [-87.65177, 41.92405], [-87.6517, 41.92398], [-87.65158, 41.92408], [-87.65142, 41.92408], [-87.65112, 41.92416], [-87.65108, 41.92427], [-87.65109, 41.92438], [-87.65106, 41.92441], [-87.65036, 41.92444], [-87.65026, 41.92449], [-87.65021, 41.92455], [-87.6501, 41.92446], [-87.64996, 41.92446], [-87.64995, 41.92427], [-87.64976, 41.92413], [-87.64973, 41.92399], [-87.64976, 41.92373], [-87.64985, 41.92363], [-87.64987, 41.92353], [-87.65104, 41.92353], [-87.65107, 41.9235], [-87.65105, 41.92325], [-87.65107, 41.92299], [-87.65103, 41.92244], [-87.65104, 41.92224], [-87.65101, 41.92189], [-87.65097, 41.92185], [-87.65062, 41.92185], [-87.65048, 41.9218], [-87.64967, 41.92187], [-87.6476, 41.9219], [-87.64736, 41.92189], [-87.64737, 41.92178], [-87.64734, 41.92174], [-87.64627, 41.9218], [-87.64612, 41.9216], [-87.64593, 41.92149], [-87.64566, 41.92139], [-87.64531, 41.92131], [-87.64459, 41.92131], [-87.64441, 41.92137], [-87.64417, 41.92153], [-87.64402, 41.92169], [-87.64389, 41.92177], [-87.64389, 41.92182], [-87.64388, 41.92179], [-87.64383, 41.9218], [-87.64386, 41.92181], [-87.64389, 41.92177], [-87.64391, 41.92168], [-87.64367, 41.92168], [-87.64346, 41.92174], [-87.6434, 41.92172], [-87.64008, 41.92382], [-87.63958, 41.92383], [-87.63953, 41.92381], [-87.63952, 41.92383], [-87.63942, 41.92369], [-87.6391, 41.92372], [-87.63824, 41.92368], [-87.63786, 41.92373], [-87.63751, 41.92371], [-87.63642, 41.92374], [-87.63623, 41.92378], [-87.63618, 41.92384], [-87.63623, 41.92379], [-87.6362, 41.92358], [-87.63598, 41.92332], [-87.63598, 41.92313], [-87.63588, 41.92294], [-87.63586, 41.92212], [-87.63581, 41.92207], [-87.63589, 41.92197], [-87.63588, 41.92181], [-87.63554, 41.9218], [-87.6355, 41.92171], [-87.63553, 41.92183], [-87.63551, 41.92185], [-87.63522, 41.92178], [-87.63519, 41.92181], [-87.63519, 41.92189], [-87.63508, 41.92199], [-87.6351, 41.92207], [-87.6352, 41.92211], [-87.63514, 41.92211], [-87.63505, 41.92203], [-87.63498, 41.92202], [-87.63477, 41.92209], [-87.63475, 41.92214], [-87.63477, 41.92237], [-87.63484, 41.92259], [-87.63483, 41.92274], [-87.63504, 41.92277], [-87.63514, 41.92275], [-87.63523, 41.92269], [-87.63533, 41.92277], [-87.63531, 41.92283], [-87.63526, 41.92287], [-87.63503, 41.92279], [-87.63483, 41.92283], [-87.63483, 41.92291], [-87.63493, 41.92306], [-87.63493, 41.9233], [-87.63492, 41.92359], [-87.63485, 41.92374], [-87.63509, 41.92383], [-87.63517, 41.92381], [-87.63528, 41.92381], [-87.63528, 41.92384], [-87.63519, 41.92381], [-87.63524, 41.92383], [-87.63523, 41.924], [-87.63508, 41.92401], [-87.63501, 41.92405], [-87.63504, 41.92405], [-87.63504, 41.9241], [-87.63511, 41.92416], [-87.63507, 41.92418], [-87.63527, 41.9243], [-87.63519, 41.92438], [-87.63528, 41.92444], [-87.63523, 41.92444], [-87.63523, 41.92441], [-87.63521, 41.92447], [-87.63532, 41.92445], [-87.6354, 41.9245], [-87.6355, 41.92443], [-87.63554, 41.92435], [-87.63545, 41.92422], [-87.63551, 41.92416], [-87.63554, 41.92402], [-87.63541, 41.92396], [-87.63541, 41.92391], [-87.63525, 41.92389], [-87.63519, 41.92391], [-87.63505, 41.92406], [-87.63507, 41.9241], [-87.63519, 41.92415], [-87.63524, 41.92422], [-87.63517, 41.92427], [-87.63531, 41.92441], [-87.63524, 41.92443], [-87.63524, 41.92448], [-87.63534, 41.92448], [-87.63552, 41.92441], [-87.63545, 41.9241], [-87.63543, 41.92408], [-87.63529, 41.9241], [-87.63505, 41.92418], [-87.635, 41.92414], [-87.63505, 41.92404], [-87.6352, 41.92401], [-87.63524, 41.92386], [-87.63535, 41.92384], [-87.6353, 41.92377], [-87.63536, 41.92377], [-87.63536, 41.92373], [-87.63539, 41.92376], [-87.63546, 41.92375], [-87.63548, 41.92379], [-87.63565, 41.9239], [-87.63568, 41.92402], [-87.63571, 41.92402], [-87.63569, 41.92429], [-87.6357, 41.92434], [-87.63573, 41.92435], [-87.63572, 41.92457], [-87.63565, 41.92459], [-87.63565, 41.92467], [-87.63558, 41.92477], [-87.63564, 41.92504], [-87.6353, 41.92523], [-87.63501, 41.92529], [-87.63472, 41.92545], [-87.63461, 41.92557], [-87.63433, 41.9256], [-87.63433, 41.92556], [-87.63436, 41.92556], [-87.63433, 41.92549], [-87.63424, 41.92546], [-87.63435, 41.9254], [-87.63434, 41.92533], [-87.63423, 41.92516], [-87.63432, 41.92502], [-87.63408, 41.92484], [-87.63408, 41.9248], [-87.63415, 41.92475], [-87.63417, 41.92469], [-87.6341, 41.92445], [-87.63404, 41.9244], [-87.6339, 41.92437], [-87.63387, 41.9244], [-87.63382, 41.92439], [-87.6337, 41.92431], [-87.63345, 41.92423], [-87.63339, 41.92423], [-87.63337, 41.92438], [-87.63349, 41.92446], [-87.63357, 41.92463], [-87.63363, 41.92466], [-87.63365, 41.92452], [-87.63371, 41.92449], [-87.63364, 41.92449], [-87.63365, 41.92452], [-87.63372, 41.92434], [-87.63381, 41.92438], [-87.63381, 41.92447], [-87.63377, 41.92456], [-87.6338, 41.92459], [-87.63377, 41.92476], [-87.63372, 41.92479], [-87.63384, 41.92487], [-87.63384, 41.92506], [-87.63393, 41.92525], [-87.63406, 41.92532], [-87.63408, 41.92529], [-87.63407, 41.92535], [-87.63416, 41.92547], [-87.63425, 41.9255], [-87.63431, 41.92556], [-87.63429, 41.92561], [-87.63383, 41.92562], [-87.63377, 41.92565], [-87.63375, 41.92572], [-87.63388, 41.92585], [-87.63393, 41.92602], [-87.63452, 41.92661], [-87.63464, 41.92664], [-87.63496, 41.92656], [-87.63503, 41.92658], [-87.63503, 41.92664], [-87.63499, 41.92663], [-87.63503, 41.92671], [-87.63503, 41.92665], [-87.63505, 41.92665], [-87.63509, 41.92671], [-87.63523, 41.92678], [-87.63528, 41.92675], [-87.63524, 41.92679], [-87.63518, 41.92678], [-87.63523, 41.92686], [-87.63536, 41.92686], [-87.63536, 41.92681], [-87.6353, 41.92688], [-87.63537, 41.92682], [-87.63532, 41.92682], [-87.6353, 41.92687], [-87.63541, 41.92696], [-87.63541, 41.92699], [-87.63536, 41.92697], [-87.63541, 41.92709], [-87.63539, 41.92696], [-87.63523, 41.92678], [-87.63513, 41.92672], [-87.63531, 41.92692], [-87.63529, 41.92691], [-87.63529, 41.92707], [-87.63535, 41.92714], [-87.6354, 41.92714], [-87.63543, 41.92718], [-87.63541, 41.92722], [-87.63536, 41.92723], [-87.63537, 41.92721], [-87.63538, 41.92723], [-87.63535, 41.92726], [-87.63543, 41.92704], [-87.63539, 41.92695], [-87.63543, 41.92698], [-87.63553, 41.92694], [-87.63551, 41.92691], [-87.63555, 41.92688], [-87.6355, 41.92688], [-87.63558, 41.92684], [-87.63537, 41.92683], [-87.63538, 41.92685], [-87.63532, 41.92687], [-87.6353, 41.92685], [-87.63529, 41.92688], [-87.63528, 41.92684], [-87.63529, 41.92688], [-87.63522, 41.92688], [-87.63526, 41.92691], [-87.63535, 41.9269], [-87.63533, 41.9268], [-87.63528, 41.92676], [-87.63531, 41.92672], [-87.63505, 41.92663], [-87.63502, 41.92659], [-87.63501, 41.92654], [-87.63503, 41.92654], [-87.63495, 41.92655], [-87.63494, 41.92652], [-87.63475, 41.92643], [-87.63485, 41.92636], [-87.63517, 41.9263], [-87.63517, 41.92627], [-87.63541, 41.92627], [-87.63481, 41.92634], [-87.6349, 41.92646], [-87.63487, 41.92649], [-87.63492, 41.9265], [-87.63491, 41.92653], [-87.63496, 41.92653], [-87.6349, 41.92655], [-87.63517, 41.92659], [-87.63509, 41.9266], [-87.63485, 41.92655], [-87.6348, 41.92662], [-87.63483, 41.92661], [-87.63488, 41.92665], [-87.63505, 41.92664], [-87.63495, 41.92667], [-87.63493, 41.92672], [-87.63503, 41.92658], [-87.63551, 41.92643], [-87.63557, 41.92641], [-87.63555, 41.92638], [-87.63537, 41.92627], [-87.63534, 41.92634], [-87.63542, 41.92643], [-87.63541, 41.92646], [-87.63555, 41.92671], [-87.6357, 41.92681], [-87.63563, 41.92693], [-87.63571, 41.92692], [-87.63579, 41.92699], [-87.6358, 41.92709], [-87.63574, 41.92712], [-87.63576, 41.92717], [-87.63573, 41.92723], [-87.63578, 41.92725], [-87.6359, 41.92721], [-87.63598, 41.92713], [-87.63603, 41.92716], [-87.63602, 41.92727], [-87.63605, 41.9273], [-87.63599, 41.92739], [-87.636, 41.92746], [-87.63623, 41.92781], [-87.63628, 41.92807], [-87.63631, 41.92811], [-87.63646, 41.92804], [-87.63651, 41.92806], [-87.63649, 41.92818], [-87.63665, 41.92832], [-87.6367, 41.9284], [-87.63658, 41.92874], [-87.63644, 41.92871], [-87.63643, 41.92883], [-87.63661, 41.92898], [-87.63671, 41.92902], [-87.63675, 41.92914], [-87.63708, 41.92923], [-87.63718, 41.9293], [-87.63721, 41.92951], [-87.63743, 41.92972], [-87.63732, 41.92975], [-87.63715, 41.92972], [-87.63699, 41.92978], [-87.63684, 41.92974], [-87.63679, 41.92976], [-87.63663, 41.9297], [-87.63648, 41.92971], [-87.6361, 41.92951], [-87.63603, 41.92952], [-87.636, 41.92958], [-87.63578, 41.92969], [-87.63575, 41.92978], [-87.63585, 41.92985], [-87.63616, 41.93024], [-87.63638, 41.93014], [-87.63622, 41.93017], [-87.63615, 41.93024], [-87.6363, 41.93047], [-87.63635, 41.93064], [-87.63633, 41.93068], [-87.63642, 41.9308], [-87.6364, 41.93087], [-87.6362, 41.93096], [-87.63613, 41.93104], [-87.63616, 41.93158], [-87.63601, 41.93202], [-87.63593, 41.9321], [-87.63593, 41.93218], [-87.6358, 41.93238], [-87.63572, 41.93257], [-87.63567, 41.93259], [-87.63564, 41.93266], [-87.63534, 41.93254], [-87.63517, 41.93254], [-87.63479, 41.93285], [-87.63455, 41.93297], [-87.63421, 41.93307], [-87.63389, 41.93307], [-87.63366, 41.93295], [-87.63356, 41.93294], [-87.63318, 41.93292], [-87.63314, 41.93296], [-87.63307, 41.93297], [-87.63267, 41.93293], [-87.63256, 41.93285], [-87.63257, 41.93282], [-87.63252, 41.93278], [-87.63247, 41.93266], [-87.63239, 41.93261], [-87.63213, 41.9326], [-87.63187, 41.93243], [-87.63177, 41.93241], [-87.63165, 41.93246], [-87.63152, 41.93264], [-87.63157, 41.93319], [-87.63156, 41.93329], [-87.63152, 41.93326], [-87.63155, 41.93313], [-87.63153, 41.93303], [-87.63143, 41.93307], [-87.63103, 41.93306], [-87.63092, 41.93309], [-87.63075, 41.93322], [-87.63061, 41.93315], [-87.63052, 41.93319], [-87.63049, 41.93312], [-87.63051, 41.93313], [-87.63045, 41.93324], [-87.63031, 41.93336], [-87.63047, 41.93375], [-87.63071, 41.93408], [-87.63075, 41.93414], [-87.63073, 41.93416], [-87.63082, 41.93419], [-87.63099, 41.9344], [-87.63103, 41.93451], [-87.63115, 41.93458], [-87.63128, 41.93473], [-87.63143, 41.93494], [-87.63143, 41.93499], [-87.6316, 41.93516], [-87.63167, 41.93528], [-87.63163, 41.93528], [-87.63173, 41.93534], [-87.63182, 41.93548], [-87.63182, 41.93556], [-87.63193, 41.93574], [-87.6319, 41.93576], [-87.63209, 41.93604], [-87.63208, 41.9361], [-87.63218, 41.93631], [-87.63215, 41.93638], [-87.63216, 41.93646], [-87.63223, 41.93658], [-87.63227, 41.93672], [-87.63228, 41.93668], [-87.63234, 41.93679], [-87.63238, 41.93703], [-87.63252, 41.93726], [-87.63279, 41.93763], [-87.63295, 41.9377], [-87.63333, 41.93813], [-87.63363, 41.9383], [-87.63365, 41.93837], [-87.63394, 41.93872], [-87.63402, 41.93874], [-87.63413, 41.93887], [-87.63404, 41.93902], [-87.6341, 41.93913], [-87.63434, 41.93919], [-87.6346, 41.93919], [-87.63475, 41.9391], [-87.63494, 41.93888], [-87.6351, 41.9388], [-87.6353, 41.93871], [-87.63575, 41.93867], [-87.63593, 41.93886], [-87.63645, 41.9391], [-87.6366, 41.93922], [-87.63673, 41.93939], [-87.63683, 41.93963], [-87.63708, 41.9398], [-87.63732, 41.9401], [-87.63743, 41.94015], [-87.6378, 41.94058], [-87.63792, 41.94078], [-87.63815, 41.94101], [-87.63833, 41.94127], [-87.63844, 41.94136], [-87.63849, 41.94145], [-87.63845, 41.94151], [-87.63844, 41.94187], [-87.63846, 41.94237], [-87.63869, 41.94283], [-87.63887, 41.94307], [-87.63892, 41.94308], [-87.63901, 41.94317], [-87.639, 41.94322], [-87.63906, 41.94328], [-87.63937, 41.94351], [-87.63965, 41.94359], [-87.6397, 41.94366], [-87.6397, 41.9437], [-87.64038, 41.94468], [-87.6405, 41.94492], [-87.64051, 41.94507], [-87.64046, 41.94525], [-87.64012, 41.94568], [-87.64004, 41.94587], [-87.64, 41.94586], [-87.64004, 41.94592], [-87.64042, 41.9462], [-87.64057, 41.94638], [-87.64173, 41.94733], [-87.64215, 41.94777], [-87.64218, 41.94789], [-87.64207, 41.948], [-87.64209, 41.94813], [-87.64187, 41.94846], [-87.64191, 41.94863], [-87.64228, 41.94902], [-87.64248, 41.94901], [-87.64256, 41.94894], [-87.64256, 41.94905], [-87.64257, 41.94902], [-87.64285, 41.94897], [-87.6429, 41.94913], [-87.64287, 41.9492], [-87.64289, 41.94925], [-87.64294, 41.94928], [-87.64311, 41.94926], [-87.64321, 41.94938], [-87.64334, 41.94943], [-87.64342, 41.94957], [-87.64349, 41.94957], [-87.64354, 41.94952], [-87.64373, 41.94946], [-87.64382, 41.94947], [-87.64391, 41.94952], [-87.64404, 41.94973], [-87.64427, 41.94966], [-87.64411, 41.9495], [-87.64399, 41.94922], [-87.64388, 41.94917], [-87.64387, 41.94907], [-87.64361, 41.94865], [-87.64353, 41.94845], [-87.64317, 41.94794], [-87.6431, 41.94774], [-87.64293, 41.94752], [-87.64288, 41.94741], [-87.64289, 41.94737], [-87.64273, 41.94717], [-87.64255, 41.94683], [-87.64251, 41.94673], [-87.64253, 41.94663], [-87.64249, 41.94657], [-87.64238, 41.94652], [-87.64231, 41.94642], [-87.64218, 41.94631], [-87.6422, 41.94621], [-87.64212, 41.9461], [-87.64246, 41.94599], [-87.64256, 41.94599], [-87.64261, 41.94592], [-87.64285, 41.94591], [-87.64301, 41.94582], [-87.64357, 41.94567], [-87.64439, 41.94539], [-87.64449, 41.9453], [-87.64535, 41.94504], [-87.64576, 41.94488], [-87.64619, 41.94546], [-87.64619, 41.94552], [-87.64613, 41.94558], [-87.64645, 41.94608], [-87.6465, 41.94618], [-87.64648, 41.94622], [-87.6466, 41.94633], [-87.64669, 41.94657], [-87.64688, 41.94655], [-87.64747, 41.94633], [-87.6482, 41.94633], [-87.64823, 41.94635], [-87.64856, 41.94631], [-87.64933, 41.94631], [-87.64932, 41.94638], [-87.64938, 41.9465], [-87.64937, 41.94691], [-87.64934, 41.94695], [-87.64945, 41.94742], [-87.64942, 41.94738], [-87.65009, 41.94743], [-87.65075, 41.94738], [-87.65092, 41.94733], [-87.65118, 41.94738], [-87.65215, 41.94738], [-87.65244, 41.94735], [-87.65269, 41.94738], [-87.65355, 41.94732], [-87.65399, 41.94732], [-87.65397, 41.94734], [-87.65396, 41.94733], [-87.65399, 41.94732], [-87.65406, 41.94734], [-87.65427, 41.9473], [-87.65435, 41.94734], [-87.6544, 41.94732], [-87.65445, 41.94738], [-87.65442, 41.94785], [-87.65427, 41.94793], [-87.65424, 41.9481], [-87.65429, 41.94876], [-87.65435, 41.94881], [-87.65432, 41.94894], [-87.65438, 41.949], [-87.65456, 41.94899], [-87.65462, 41.94904], [-87.65484, 41.94909], [-87.65552, 41.94907], [-87.65563, 41.94913], [-87.65582, 41.94908], [-87.65592, 41.94911], [-87.65646, 41.94911], [-87.65653, 41.94908], [-87.65664, 41.94912], [-87.65673, 41.94908], [-87.65673, 41.94905], [-87.65671, 41.94906], [-87.65673, 41.94903], [-87.65686, 41.94904], [-87.65706, 41.94899], [-87.65718, 41.94903], [-87.65755, 41.94906], [-87.6578, 41.94903], [-87.65782, 41.94892], [-87.65763, 41.94865], [-87.65749, 41.94861], [-87.65746, 41.94853], [-87.65731, 41.94834], [-87.65729, 41.94832], [-87.65727, 41.94837], [-87.6573, 41.94839], [-87.65734, 41.94834], [-87.65728, 41.94826], [-87.65734, 41.94823], [-87.65737, 41.94815], [-87.65725, 41.94799], [-87.65719, 41.94797], [-87.6569, 41.94753], [-87.65684, 41.94747], [-87.6567, 41.94742], [-87.65662, 41.94728], [-87.65656, 41.94723], [-87.65654, 41.94726], [-87.65659, 41.94728], [-87.65658, 41.94732], [-87.65648, 41.94735], [-87.65644, 41.94728], [-87.65635, 41.94726], [-87.65662, 41.94727], [-87.65673, 41.94723], [-87.65731, 41.94727], [-87.65744, 41.94725], [-87.65853, 41.94723], [-87.65876, 41.94726], [-87.65906, 41.94724], [-87.6591, 41.94795], [-87.65905, 41.94813], [-87.65908, 41.94819], [-87.65908, 41.94842], [-87.65912, 41.94853], [-87.65913, 41.94909], [-87.65917, 41.94916], [-87.65914, 41.94928], [-87.65912, 41.94962], [-87.65917, 41.95023], [-87.65912, 41.95025], [-87.65912, 41.95029], [-87.65917, 41.95049], [-87.65914, 41.95058], [-87.65919, 41.95068], [-87.65919, 41.95096], [-87.65905, 41.95099], [-87.65801, 41.95096], [-87.65774, 41.95099], [-87.6566, 41.95099], [-87.65654, 41.95102], [-87.65658, 41.95108], [-87.65655, 41.95115], [-87.65643, 41.95118], [-87.65646, 41.95135], [-87.6565, 41.95137], [-87.65649, 41.95144], [-87.65654, 41.95161], [-87.65647, 41.95197], [-87.65651, 41.95217], [-87.65649, 41.95225], [-87.65649, 41.95255], [-87.65663, 41.95262], [-87.65666, 41.95272], [-87.6568, 41.95274], [-87.65682, 41.9532], [-87.65685, 41.95324], [-87.65682, 41.95348], [-87.65685, 41.95392], [-87.65682, 41.95408], [-87.65683, 41.95434], [-87.65694, 41.95442], [-87.657, 41.95442], [-87.65706, 41.9545], [-87.65705, 41.95455], [-87.65711, 41.95457], [-87.65722, 41.95453], [-87.65777, 41.95454], [-87.65855, 41.9545], [-87.6591, 41.95451], [-87.66029, 41.95446], [-87.66146, 41.95446], [-87.66165, 41.95439], [-87.66178, 41.95443], [-87.66215, 41.95444], [-87.6623, 41.95458], [-87.6624, 41.95456], [-87.66248, 41.95447], [-87.66267, 41.95442], [-87.66295, 41.95443], [-87.66308, 41.95451], [-87.66336, 41.95444], [-87.66353, 41.95448], [-87.66392, 41.95443], [-87.66436, 41.95442], [-87.66438, 41.9544], [-87.66432, 41.95442], [-87.66437, 41.95427], [-87.66433, 41.95413], [-87.66436, 41.95409], [-87.66427, 41.95413], [-87.6643, 41.95412], [-87.66431, 41.95417], [-87.66427, 41.95422], [-87.66434, 41.9543], [-87.66435, 41.95477], [-87.6643, 41.95483], [-87.66434, 41.95482], [-87.66427, 41.95485], [-87.66419, 41.95515], [-87.66422, 41.95593], [-87.6642, 41.95607], [-87.66425, 41.95654], [-87.66423, 41.95723], [-87.66426, 41.95729], [-87.66419, 41.95734], [-87.66414, 41.9575], [-87.66415, 41.95758], [-87.66444, 41.95804], [-87.66484, 41.9589], [-87.66574, 41.96119], [-87.66587, 41.96167], [-87.66597, 41.96185], [-87.66608, 41.96242], [-87.66613, 41.96255], [-87.66628, 41.96346], [-87.66639, 41.96379], [-87.66658, 41.96469], [-87.66666, 41.9651], [-87.66665, 41.96525], [-87.66686, 41.9664], [-87.66695, 41.96674], [-87.66705, 41.96687], [-87.66705, 41.96707], [-87.66713, 41.96728], [-87.66712, 41.96745], [-87.66724, 41.96792], [-87.66737, 41.96876], [-87.66742, 41.96881], [-87.66747, 41.969], [-87.66766, 41.97093], [-87.6678, 41.97213], [-87.66786, 41.97241], [-87.66786, 41.97261], [-87.66796, 41.97325], [-87.668, 41.97327], [-87.66801, 41.97354], [-87.66809, 41.97387], [-87.66823, 41.97489], [-87.66823, 41.97519], [-87.66832, 41.9757], [-87.66834, 41.97606], [-87.66834, 41.9761], [-87.66827, 41.97613], [-87.66837, 41.97619], [-87.66838, 41.97629], [-87.66832, 41.97696], [-87.66822, 41.97702], [-87.66827, 41.97704], [-87.66824, 41.97705], [-87.6683, 41.97718], [-87.6683, 41.97795], [-87.6682, 41.97803], [-87.66809, 41.97798], [-87.66809, 41.97794], [-87.66813, 41.97793], [-87.66814, 41.97795], [-87.66804, 41.97797], [-87.66801, 41.97795], [-87.66798, 41.978], [-87.66803, 41.97804], [-87.66803, 41.97799], [-87.66786, 41.97796], [-87.66781, 41.97802], [-87.66782, 41.97798], [-87.6678, 41.97798], [-87.66791, 41.97795], [-87.66817, 41.97798], [-87.66827, 41.97796], [-87.66821, 41.97789], [-87.6683, 41.97773], [-87.66831, 41.97725], [-87.66834, 41.97723], [-87.66831, 41.97708], [-87.66827, 41.97704], [-87.6683, 41.97704], [-87.6683, 41.977], [-87.66823, 41.9769], [-87.66826, 41.9767], [-87.66822, 41.97668], [-87.66812, 41.97672], [-87.66825, 41.97666], [-87.66806, 41.97672], [-87.6682, 41.97667], [-87.66805, 41.97672], [-87.66813, 41.97666], [-87.66802, 41.97668], [-87.66822, 41.97667], [-87.66817, 41.97665], [-87.66826, 41.97669], [-87.66824, 41.97668], [-87.66828, 41.97668], [-87.66826, 41.97666], [-87.66828, 41.97664], [-87.66823, 41.97668], [-87.6682, 41.97666], [-87.66826, 41.97668], [-87.66827, 41.97665], [-87.66802, 41.97667], [-87.66805, 41.97671], [-87.66812, 41.97672], [-87.66819, 41.97669], [-87.66819, 41.97666], [-87.66823, 41.97663], [-87.66829, 41.97664], [-87.66834, 41.9767], [-87.66822, 41.97665], [-87.66807, 41.97666], [-87.66835, 41.9767], [-87.66834, 41.97674], [-87.6684, 41.97676], [-87.66841, 41.97683], [-87.66832, 41.9771], [-87.66822, 41.97717], [-87.66827, 41.97718], [-87.66826, 41.97716], [-87.66806, 41.9781], [-87.66747, 41.97812], [-87.66731, 41.97809], [-87.66667, 41.97809], [-87.66619, 41.97813], [-87.66614, 41.97811], [-87.66615, 41.97808], [-87.66609, 41.97807], [-87.666, 41.97807], [-87.66599, 41.97811], [-87.66595, 41.97807], [-87.66563, 41.97812], [-87.66483, 41.97815], [-87.6645, 41.97812], [-87.66442, 41.97815], [-87.66437, 41.97809], [-87.6643, 41.97813], [-87.66383, 41.97817], [-87.66248, 41.97819], [-87.66249, 41.9784], [-87.66252, 41.97841], [-87.66248, 41.97854], [-87.66251, 41.97895], [-87.66249, 41.97916], [-87.6625, 41.97932], [-87.66254, 41.97935], [-87.66248, 41.97952], [-87.66254, 41.97986], [-87.66251, 41.98001], [-87.66254, 41.98014], [-87.66253, 41.98049], [-87.66258, 41.98066], [-87.66255, 41.98077], [-87.66261, 41.98088], [-87.66257, 41.98096], [-87.66255, 41.98118], [-87.66257, 41.98176], [-87.66261, 41.98199], [-87.66259, 41.98231], [-87.6626, 41.98237], [-87.66264, 41.98239], [-87.66258, 41.98322], [-87.66259, 41.98357], [-87.66206, 41.98351], [-87.66174, 41.98355], [-87.66099, 41.98354], [-87.66006, 41.98344], [-87.65987, 41.98349], [-87.65981, 41.98353], [-87.65875, 41.9836], [-87.65851, 41.98356], [-87.65818, 41.98359], [-87.65803, 41.98357], [-87.65796, 41.9836], [-87.65758, 41.98363], [-87.65684, 41.98362], [-87.65677, 41.98369], [-87.65669, 41.98372], [-87.65672, 41.98426], [-87.65677, 41.98452], [-87.65673, 41.98476], [-87.65678, 41.98516], [-87.65678, 41.98536], [-87.65675, 41.98544], [-87.65681, 41.98545], [-87.65676, 41.98568], [-87.6568, 41.98589], [-87.65674, 41.98615], [-87.65678, 41.98633], [-87.65675, 41.98657], [-87.65685, 41.98731], [-87.65683, 41.98744], [-87.65705, 41.98741], [-87.65714, 41.98736], [-87.65801, 41.98739], [-87.65853, 41.98734], [-87.65874, 41.98736], [-87.65941, 41.98736], [-87.66009, 41.98733], [-87.66005, 41.98798], [-87.66009, 41.98824], [-87.66011, 41.9893], [-87.66015, 41.98934], [-87.65654, 41.99002], [-87.65617, 41.99004], [-87.65602, 41.98998], [-87.65604, 41.98993], [-87.65592, 41.98991], [-87.6558, 41.9898], [-87.65575, 41.98981], [-87.65567, 41.98994], [-87.65548, 41.99006], [-87.6553, 41.99004], [-87.65528, 41.99], [-87.65515, 41.98997], [-87.65493, 41.98999], [-87.65495, 41.99002], [-87.65489, 41.99005], [-87.65465, 41.98999], [-87.65439, 41.98986], [-87.65447, 41.98996], [-87.65443, 41.98997], [-87.65442, 41.99001], [-87.65476, 41.99004], [-87.65503, 41.99002], [-87.65523, 41.99007], [-87.65527, 41.99015], [-87.65526, 41.99025], [-87.65532, 41.9903], [-87.65533, 41.99035], [-87.65534, 41.99033], [-87.65533, 41.99027], [-87.65528, 41.99025], [-87.65524, 41.99028], [-87.65529, 41.99053], [-87.65525, 41.99068], [-87.65534, 41.99114], [-87.65532, 41.99185], [-87.65536, 41.99194], [-87.65533, 41.992], [-87.65532, 41.99229], [-87.65535, 41.99247], [-87.65531, 41.99281], [-87.65536, 41.99297], [-87.65537, 41.99328], [-87.65535, 41.99345], [-87.65541, 41.99376], [-87.65544, 41.9942], [-87.65541, 41.99465], [-87.65538, 41.99468], [-87.6553, 41.99465], [-87.65504, 41.99466], [-87.65477, 41.99473], [-87.65469, 41.99481], [-87.65469, 41.99498], [-87.65463, 41.99508], [-87.65465, 41.99512], [-87.65458, 41.99517], [-87.65494, 41.99525], [-87.65498, 41.99532], [-87.65495, 41.99537], [-87.65502, 41.99537], [-87.65518, 41.99549], [-87.65519, 41.99559], [-87.65515, 41.99574], [-87.65522, 41.9958], [-87.65548, 41.99585], [-87.65545, 41.99641], [-87.65549, 41.99658], [-87.65542, 41.99664], [-87.65547, 41.99672], [-87.65547, 41.99706], [-87.65552, 41.99723], [-87.65548, 41.99732], [-87.65551, 41.99744], [-87.65554, 41.99747], [-87.65551, 41.99763], [-87.65554, 41.99785], [-87.6556, 41.99795], [-87.65556, 41.99798], [-87.65559, 41.99813], [-87.65503, 41.9986], [-87.65523, 41.99892], [-87.65531, 41.99899], [-87.65554, 41.99905], [-87.65565, 41.99913], [-87.65575, 41.99927], [-87.6558, 41.99925], [-87.65576, 41.99933], [-87.65581, 41.99947], [-87.65585, 41.99949], [-87.65582, 41.99956], [-87.65583, 41.99968], [-87.6559, 41.99974], [-87.65594, 41.99986], [-87.65589, 41.99993], [-87.65589, 42.00002], [-87.65602, 42.00013], [-87.65604, 42.00017], [-87.65601, 42.00021], [-87.65611, 42.00033], [-87.65614, 42.00048], [-87.65627, 42.00072], [-87.65626, 42.00079], [-87.65618, 42.00084], [-87.65611, 42.00095], [-87.65609, 42.00102], [-87.65611, 42.00111], [-87.65619, 42.00123], [-87.65627, 42.00161], [-87.65643, 42.00165], [-87.65648, 42.00171], [-87.65647, 42.00185], [-87.65632, 42.00194], [-87.65637, 42.0019], [-87.6564, 42.00195], [-87.65646, 42.00193], [-87.65664, 42.00203], [-87.65671, 42.00198], [-87.65671, 42.00189], [-87.65677, 42.00188], [-87.65674, 42.00187], [-87.65684, 42.0018], [-87.65779, 42.00156], [-87.65874, 42.00147], [-87.65882, 42.00149], [-87.66056, 42.00149], [-87.66062, 42.00157], [-87.66067, 42.00186], [-87.66072, 42.00189], [-87.66075, 42.00187], [-87.66074, 42.00178], [-87.66091, 42.00168], [-87.66091, 42.00155], [-87.66098, 42.00144], [-87.66093, 42.00136], [-87.66088, 42.00115], [-87.66087, 42.00069], [-87.66078, 42.00059], [-87.66059, 42.00054], [-87.6606, 42.00035], [-87.66063, 42.00064], [-87.66067, 42.00069], [-87.66034, 42.00071], [-87.65982, 42.00092], [-87.65976, 42.00085], [-87.65972, 42.00084], [-87.65962, 42.00087], [-87.65954, 42.00094], [-87.65928, 42.00094], [-87.65898, 42.001], [-87.6589, 42.00096], [-87.65874, 42.00102], [-87.65872, 42.00105], [-87.65858, 42.00106], [-87.65828, 42.00088], [-87.65822, 42.00082], [-87.65782, 42.00081], [-87.65752, 42.00084], [-87.65747, 42.0009], [-87.65746, 42.00099], [-87.6575, 42.00079], [-87.65749, 42.0007], [-87.65756, 42.00068], [-87.65768, 42.00072], [-87.65814, 42.00072], [-87.6582, 42.00067], [-87.65819, 42.00041], [-87.65828, 42.00029], [-87.65837, 42.00024], [-87.65866, 42.00021], [-87.65894, 42.0001], [-87.65899, 42.00003], [-87.65884, 41.99974], [-87.65878, 41.99973], [-87.6587, 41.99977], [-87.65872, 41.99972], [-87.65866, 41.9995], [-87.65857, 41.9992], [-87.65852, 41.99923], [-87.65849, 41.9992], [-87.65847, 41.999], [-87.65843, 41.99899], [-87.65845, 41.99894], [-87.65838, 41.99902], [-87.65823, 41.99905], [-87.65811, 41.99902], [-87.65833, 41.99899], [-87.65851, 41.99903], [-87.65853, 41.99899], [-87.65849, 41.99884], [-87.65858, 41.9988], [-87.65864, 41.99869], [-87.65862, 41.99811], [-87.65839, 41.99766], [-87.65834, 41.99741], [-87.65833, 41.99713], [-87.6584, 41.99703], [-87.65841, 41.99684], [-87.65835, 41.9963], [-87.6583, 41.99627], [-87.6581, 41.99631], [-87.65704, 41.99636], [-87.65702, 41.99641], [-87.65694, 41.99642], [-87.65696, 41.99656], [-87.65688, 41.99661], [-87.657, 41.99665], [-87.65698, 41.99719], [-87.65703, 41.9973], [-87.65699, 41.99758], [-87.65696, 41.99762], [-87.65703, 41.99781], [-87.65704, 41.99808], [-87.65706, 41.99814], [-87.6571, 41.99813], [-87.65706, 41.99816], [-87.65711, 41.99812], [-87.65707, 41.99813], [-87.6571, 41.99821], [-87.65704, 41.99829], [-87.65694, 41.99832], [-87.65678, 41.9983], [-87.65619, 41.99833], [-87.65613, 41.99837], [-87.6561, 41.99848], [-87.65609, 41.99863], [-87.65614, 41.99871], [-87.65624, 41.99875], [-87.65628, 41.99881], [-87.65626, 41.99898], [-87.6563, 41.99911], [-87.65653, 41.9992], [-87.65659, 41.99926], [-87.65659, 41.99931], [-87.65674, 41.99936], [-87.6568, 41.99942], [-87.6568, 41.99961], [-87.65669, 41.99979], [-87.65654, 41.99982], [-87.65641, 41.9997], [-87.65639, 41.99972], [-87.65641, 41.99977], [-87.65652, 41.99984], [-87.65649, 41.99998], [-87.65649, 42.00012], [-87.65653, 42.00022], [-87.65662, 42.00029], [-87.65669, 42.00031], [-87.65675, 42.00029], [-87.65683, 42.00034], [-87.65708, 42.00034], [-87.65725, 42.00038], [-87.65734, 42.00029], [-87.65757, 42.00019], [-87.65787, 42.00023], [-87.65793, 42.00019], [-87.65793, 42.00014], [-87.65792, 42.00017], [-87.65808, 42.00019], [-87.65823, 42.00027], [-87.65831, 42.00024], [-87.6582, 41.99993], [-87.65809, 41.99977], [-87.65801, 41.99972], [-87.65805, 41.99968], [-87.65795, 41.99948], [-87.65784, 41.99945], [-87.65772, 41.99952], [-87.65753, 41.99954], [-87.6574, 41.99963], [-87.6572, 41.99965], [-87.65733, 41.99965], [-87.65738, 41.99951], [-87.65725, 41.99943], [-87.65718, 41.99925], [-87.65734, 41.99913], [-87.65735, 41.9991], [-87.65752, 41.99912], [-87.65767, 41.99919], [-87.65785, 41.99921], [-87.65804, 41.99913], [-87.65828, 41.99909], [-87.6585, 41.99896], [-87.65852, 41.99891], [-87.65847, 41.99882], [-87.65854, 41.99882], [-87.65852, 41.99879], [-87.65861, 41.9987], [-87.65861, 41.99832], [-87.65879, 41.99826], [-87.65866, 41.99822], [-87.65856, 41.99813], [-87.6582, 41.99815], [-87.65817, 41.99823], [-87.65819, 41.99825], [-87.6582, 41.99822], [-87.65817, 41.99818], [-87.65822, 41.9982], [-87.65819, 41.9982], [-87.65818, 41.99824], [-87.6582, 41.99819], [-87.65845, 41.99813], [-87.6587, 41.99816], [-87.65966, 41.99807], [-87.65985, 41.99809], [-87.65993, 41.99816], [-87.65994, 41.99823], [-87.66009, 41.99829], [-87.66008, 41.99832], [-87.65995, 41.99834], [-87.65991, 41.99838], [-87.65984, 41.99835], [-87.65998, 41.99839], [-87.65989, 41.99838], [-87.65987, 41.9984], [-87.65995, 41.9983], [-87.65992, 41.99829], [-87.65992, 41.99836], [-87.65996, 41.99838], [-87.65994, 41.99833], [-87.65992, 41.99836], [-87.65984, 41.99832], [-87.6598, 41.9984], [-87.65987, 41.99835], [-87.65981, 41.99829], [-87.65999, 41.99835], [-87.66007, 41.9983], [-87.66005, 41.99825], [-87.66032, 41.99825], [-87.66035, 41.99821], [-87.66031, 41.99815], [-87.66018, 41.99814]]}}, {"type": "Feature", "properties": {"name": "Obama Centet", "source": "Obama_Centet.gpx", "points": 254}, "geometry": {"type": "LineString", "coordinates": [[-87.58844, 41.78792], [-87.5883, 41.78794], [-87.58816, 41.7879], [-87.58807, 41.78795], [-87.58775, 41.78804], [-87.58748, 41.788], [-87.58728, 41.78792], [-87.58688, 41.78797], [-87.58677, 41.7879], [-87.58673, 41.78781], [-87.58675, 41.78769], [-87.58681, 41.78769], [-87.58679, 41.78755], [-87.58681, 41.78753], [-87.58679, 41.7875], [-87.58667, 41.78752], [-87.5863, 41.78742], [-87.58627, 41.78739], [-87.58629, 41.78735], [-87.58624, 41.78731], [-87.58622, 41.78718], [-87.5861, 41.78721], [-87.58624, 41.78712], [-87.58628, 41.78713], [-87.58635, 41.78708], [-87.58635, 41.78704], [-87.58632, 41.78697], [-87.58628, 41.78696], [-87.58626, 41.78688], [-87.58615, 41.7868], [-87.58617, 41.78676], [-87.58625, 41.78678], [-87.58626, 41.78674], [-87.58612, 41.78666], [-87.58608, 41.78657], [-87.58628, 41.7864], [-87.5863, 41.78622], [-87.58634, 41.78621], [-87.58628, 41.78608], [-87.5861, 41.78596], [-87.58609, 41.78587], [-87.58612, 41.78583], [-87.58609, 41.78583], [-87.58612, 41.78583], [-87.58614, 41.78578], [-87.58608, 41.78564], [-87.58614, 41.78556], [-87.58607, 41.78541], [-87.58595, 41.78536], [-87.5861, 41.78537], [-87.58618, 41.78541], [-87.58622, 41.78539], [-87.58616, 41.78527], [-87.5862, 41.78513], [-87.58614, 41.78509], [-87.58615, 41.78504], [-87.58613, 41.78505], [-87.58614, 41.78495], [-87.58611, 41.78487], [-87.58579, 41.78469], [-87.5859, 41.78462], [-87.58588, 41.78456], [-87.58591, 41.78447], [-87.58579, 41.78439], [-87.58548, 41.78431], [-87.58556, 41.78415], [-87.58556, 41.78401], [-87.58547, 41.78391], [-87.58537, 41.78386], [-87.58527, 41.7837], [-87.58526, 41.78361], [-87.58531, 41.78349], [-87.58529, 41.78335], [-87.5853, 41.78337], [-87.58548, 41.78325], [-87.58567, 41.78321], [-87.58593, 41.78322], [-87.58594, 41.78331], [-87.58592, 41.78332], [-87.58596, 41.78325], [-87.58615, 41.78323], [-87.58615, 41.78313], [-87.58625, 41.78326], [-87.58618, 41.7832], [-87.58616, 41.78332], [-87.5861, 41.78336], [-87.58597, 41.78332], [-87.58596, 41.78324], [-87.58586, 41.78322], [-87.58574, 41.78314], [-87.58569, 41.7832], [-87.58571, 41.78315], [-87.58588, 41.78316], [-87.58578, 41.78321], [-87.58571, 41.78321], [-87.58567, 41.78324], [-87.58562, 41.78322], [-87.58569, 41.78317], [-87.58565, 41.78319], [-87.58568, 41.78314], [-87.58584, 41.78318], [-87.58586, 41.7832], [-87.58584, 41.78323], [-87.58589, 41.78322], [-87.58588, 41.78326], [-87.586, 41.78323], [-87.58602, 41.78332], [-87.58597, 41.78333], [-87.58608, 41.78326], [-87.58615, 41.78328], [-87.58611, 41.78333], [-87.58612, 41.78338], [-87.58605, 41.78346], [-87.58576, 41.78358], [-87.58559, 41.78356], [-87.58548, 41.7835], [-87.58521, 41.78348], [-87.58521, 41.78338], [-87.58526, 41.78336], [-87.5853, 41.78324], [-87.58521, 41.78325], [-87.5851, 41.78319], [-87.58485, 41.78317], [-87.58458, 41.78323], [-87.58532, 41.78323], [-87.58467, 41.7839], [-87.58465, 41.78397], [-87.58452, 41.78353], [-87.58464, 41.78394], [-87.58463, 41.78421], [-87.58465, 41.78417], [-87.58467, 41.7843], [-87.58474, 41.78434], [-87.58477, 41.7844], [-87.58474, 41.78445], [-87.58474, 41.78453], [-87.5846, 41.78476], [-87.58467, 41.78484], [-87.58463, 41.78486], [-87.58463, 41.78489], [-87.58473, 41.7849], [-87.58476, 41.78503], [-87.58491, 41.78529], [-87.58486, 41.78529], [-87.5851, 41.7858], [-87.58532, 41.78602], [-87.58505, 41.78563], [-87.58495, 41.78539], [-87.58508, 41.78567], [-87.58514, 41.78589], [-87.58523, 41.78605], [-87.58557, 41.78651], [-87.58584, 41.78675], [-87.5857, 41.78658], [-87.58601, 41.78685], [-87.58607, 41.78698], [-87.58558, 41.7869], [-87.58504, 41.78634], [-87.585, 41.78637], [-87.58504, 41.78653], [-87.58512, 41.78665], [-87.58504, 41.78674], [-87.58591, 41.78696], [-87.58605, 41.78693], [-87.5861, 41.78696], [-87.58622, 41.78696], [-87.58625, 41.78702], [-87.58619, 41.78713], [-87.58497, 41.78715], [-87.5849, 41.78719], [-87.5849, 41.78738], [-87.58477, 41.78748], [-87.58496, 41.78691], [-87.58513, 41.7867], [-87.58468, 41.78764], [-87.58468, 41.78783], [-87.58452, 41.78792], [-87.58438, 41.78794], [-87.58436, 41.78791], [-87.58491, 41.78531], [-87.58492, 41.7855], [-87.58517, 41.78641], [-87.58522, 41.78681], [-87.58522, 41.78561], [-87.584, 41.78787], [-87.58374, 41.78793], [-87.58472, 41.78703], [-87.58378, 41.78794], [-87.58346, 41.7882], [-87.58353, 41.78825], [-87.58352, 41.78829], [-87.58318, 41.78839], [-87.5832, 41.78853], [-87.58317, 41.78854], [-87.5833, 41.78856], [-87.58352, 41.78853], [-87.58355, 41.78859], [-87.58392, 41.78884], [-87.58392, 41.7889], [-87.58388, 41.78895], [-87.58396, 41.78895], [-87.584, 41.78886], [-87.58407, 41.78883], [-87.58425, 41.78881], [-87.5842, 41.7889], [-87.58466, 41.78872], [-87.58596, 41.78771], [-87.58646, 41.78737], [-87.58666, 41.78728], [-87.58437, 41.78887], [-87.58684, 41.78871], [-87.58698, 41.78875], [-87.58495, 41.78912], [-87.58557, 41.78968], [-87.58701, 41.79012], [-87.58703, 41.79026], [-87.58527, 41.78992], [-87.58523, 41.78992], [-87.58516, 41.79003], [-87.58509, 41.79007], [-87.58486, 41.79006], [-87.58483, 41.7901], [-87.58477, 41.79009], [-87.58485, 41.78972], [-87.58507, 41.78895], [-87.58513, 41.78861], [-87.58452, 41.79005], [-87.58415, 41.79007], [-87.58401, 41.79001], [-87.58396, 41.78995], [-87.58382, 41.78992], [-87.58359, 41.78995], [-87.58316, 41.78991], [-87.58277, 41.78992], [-87.58285, 41.78989], [-87.58268, 41.78991], [-87.58271, 41.78995], [-87.58393, 41.78996], [-87.58422, 41.79012], [-87.58472, 41.79019], [-87.58477, 41.79027], [-87.58484, 41.7903], [-87.5849, 41.79038], [-87.585, 41.7904], [-87.585, 41.79073], [-87.58518, 41.79082], [-87.58526, 41.79092], [-87.58529, 41.7914], [-87.58527, 41.79156], [-87.58512, 41.79164], [-87.58473, 41.79163], [-87.58467, 41.7916], [-87.58451, 41.79164], [-87.58415, 41.79164]]}}, {"type": "Feature", "properties": {"name": "Ohio Street Beach + Ed Debevovic", "source": "Ohio_Street_Beach_Ed_Debevovic.gpx", "points": 511}, "geometry": {"type": "LineString", "coordinates": [[-87.64204, 41.88141], [-87.64198, 41.88214], [-87.64196, 41.88216], [-87.64193, 41.88215], [-87.64194, 41.8821], [-87.64174, 41.88188], [-87.64168, 41.88197], [-87.6418, 41.88199], [-87.64158, 41.8819], [-87.64148, 41.88177], [-87.64138, 41.88174], [-87.64117, 41.8818], [-87.64106, 41.88179], [-87.64103, 41.88176], [-87.64095, 41.88181], [-87.64061, 41.88188], [-87.6398, 41.88196], [-87.63978, 41.88193], [-87.6396, 41.88195], [-87.63927, 41.88188], [-87.63913, 41.88179], [-87.6387, 41.88186], [-87.63721, 41.88183], [-87.6371, 41.88181], [-87.63707, 41.88178], [-87.63712, 41.88179], [-87.63708, 41.88176], [-87.63685, 41.88173], [-87.63662, 41.88179], [-87.63565, 41.88185], [-87.63547, 41.88185], [-87.63525, 41.8818], [-87.63505, 41.88183], [-87.63451, 41.88184], [-87.63442, 41.88186], [-87.63432, 41.88194], [-87.63362, 41.88187], [-87.63373, 41.8819], [-87.63304, 41.88188], [-87.63292, 41.88185], [-87.63255, 41.88186], [-87.63251, 41.88184], [-87.63241, 41.88187], [-87.63104, 41.88191], [-87.631, 41.88195], [-87.63108, 41.8819], [-87.63107, 41.88187], [-87.63107, 41.88196], [-87.63103, 41.88204], [-87.63092, 41.88215], [-87.63097, 41.88222], [-87.63098, 41.88233], [-87.63096, 41.88244], [-87.631, 41.88254], [-87.63096, 41.88262], [-87.63099, 41.88311], [-87.63096, 41.88326], [-87.63098, 41.88341], [-87.63091, 41.88398], [-87.63092, 41.8844], [-87.63081, 41.88455], [-87.63071, 41.88455], [-87.6307, 41.88451], [-87.63075, 41.88449], [-87.63077, 41.88456], [-87.63075, 41.88457], [-87.63102, 41.88482], [-87.63095, 41.88509], [-87.63084, 41.88529], [-87.63084, 41.88571], [-87.63089, 41.88586], [-87.63091, 41.88613], [-87.6309, 41.88649], [-87.63087, 41.88664], [-87.63085, 41.88663], [-87.63084, 41.88676], [-87.63075, 41.88695], [-87.63077, 41.88703], [-87.63072, 41.88714], [-87.63077, 41.88723], [-87.63073, 41.88724], [-87.63079, 41.88735], [-87.63092, 41.88746], [-87.6309, 41.88774], [-87.63092, 41.88801], [-87.63089, 41.88806], [-87.63092, 41.88817], [-87.63089, 41.88832], [-87.63091, 41.88843], [-87.6309, 41.88847], [-87.63086, 41.88845], [-87.63093, 41.88858], [-87.63098, 41.88896], [-87.63091, 41.8891], [-87.63062, 41.88909], [-87.63035, 41.88918], [-87.62997, 41.88913], [-87.62974, 41.88915], [-87.62968, 41.88912], [-87.62972, 41.88911], [-87.62967, 41.88909], [-87.62954, 41.8891], [-87.62952, 41.88905], [-87.62949, 41.88903], [-87.62928, 41.88916], [-87.62837, 41.8892], [-87.6282, 41.88918], [-87.62822, 41.88916], [-87.62815, 41.88911], [-87.62812, 41.88913], [-87.62812, 41.88905], [-87.62802, 41.88898], [-87.62792, 41.88905], [-87.62794, 41.88909], [-87.62779, 41.88902], [-87.62746, 41.88904], [-87.62705, 41.889], [-87.6269, 41.88904], [-87.62695, 41.88913], [-87.6268, 41.88922], [-87.62659, 41.8892], [-87.62648, 41.88934], [-87.62634, 41.88945], [-87.62632, 41.88951], [-87.62618, 41.88947], [-87.62613, 41.88954], [-87.62658, 41.88979], [-87.62654, 41.88984], [-87.62659, 41.88988], [-87.6262, 41.8899], [-87.62594, 41.89012], [-87.62429, 41.89022], [-87.62435, 41.89018], [-87.62418, 41.89008], [-87.62402, 41.89019], [-87.6239, 41.89017], [-87.62386, 41.89025], [-87.62392, 41.89057], [-87.62391, 41.89092], [-87.62387, 41.89102], [-87.62379, 41.89104], [-87.62387, 41.89108], [-87.62391, 41.89117], [-87.62392, 41.89152], [-87.624, 41.89175], [-87.62395, 41.89184], [-87.62396, 41.89194], [-87.62399, 41.89196], [-87.62395, 41.89214], [-87.62398, 41.89225], [-87.62396, 41.89228], [-87.62393, 41.89227], [-87.62396, 41.89229], [-87.62395, 41.89235], [-87.62397, 41.89234], [-87.62399, 41.89249], [-87.62403, 41.89252], [-87.62394, 41.89263], [-87.6231, 41.89259], [-87.6229, 41.89261], [-87.62281, 41.89258], [-87.62279, 41.8926], [-87.62282, 41.89247], [-87.62288, 41.89244], [-87.62302, 41.89246], [-87.62312, 41.89251], [-87.6231, 41.89253], [-87.62319, 41.89251], [-87.62304, 41.89247], [-87.62275, 41.89249], [-87.62278, 41.89251], [-87.62271, 41.89247], [-87.62182, 41.89248], [-87.62168, 41.89245], [-87.62134, 41.89248], [-87.62126, 41.89245], [-87.62105, 41.89252], [-87.62059, 41.89254], [-87.62039, 41.89251], [-87.62039, 41.89247], [-87.62046, 41.89244], [-87.62035, 41.8924], [-87.61996, 41.89244], [-87.61983, 41.89248], [-87.61964, 41.8925], [-87.61934, 41.89249], [-87.61875, 41.89254], [-87.61762, 41.89254], [-87.61695, 41.89259], [-87.61602, 41.89257], [-87.61588, 41.89259], [-87.61574, 41.89273], [-87.61556, 41.89272], [-87.61523, 41.89277], [-87.61512, 41.89275], [-87.61488, 41.89279], [-87.6146, 41.89274], [-87.61448, 41.89278], [-87.61398, 41.89279], [-87.61431, 41.89274], [-87.61418, 41.89265], [-87.61375, 41.89282], [-87.61369, 41.89287], [-87.61366, 41.89295], [-87.61361, 41.89288], [-87.61354, 41.89293], [-87.61349, 41.89293], [-87.61336, 41.89309], [-87.61339, 41.89308], [-87.61338, 41.89312], [-87.61343, 41.89319], [-87.61339, 41.89332], [-87.61323, 41.89333], [-87.61322, 41.89337], [-87.61314, 41.89338], [-87.61303, 41.89336], [-87.6131, 41.89339], [-87.61304, 41.89341], [-87.61306, 41.89339], [-87.61304, 41.89338], [-87.61306, 41.89335], [-87.61306, 41.89339], [-87.61308, 41.89334], [-87.61307, 41.8933], [-87.61305, 41.89339], [-87.61306, 41.89336], [-87.61305, 41.89339], [-87.61305, 41.89334], [-87.61304, 41.89337], [-87.61306, 41.89338], [-87.61306, 41.89334], [-87.61303, 41.89337], [-87.61306, 41.89339], [-87.61302, 41.89338], [-87.61386, 41.89176], [-87.61382, 41.89124], [-87.61378, 41.89113], [-87.6137, 41.8911], [-87.61365, 41.89101], [-87.61374, 41.8908], [-87.61371, 41.89028], [-87.61365, 41.88994], [-87.61367, 41.88945], [-87.61372, 41.8893], [-87.61375, 41.88929], [-87.61375, 41.88924], [-87.61383, 41.88915], [-87.61388, 41.88893], [-87.61377, 41.88843], [-87.61378, 41.88817], [-87.61366, 41.88812], [-87.61365, 41.88808], [-87.61374, 41.88795], [-87.61365, 41.88787], [-87.61363, 41.88776], [-87.6136, 41.88773], [-87.61366, 41.88757], [-87.61361, 41.88747], [-87.61358, 41.88726], [-87.61353, 41.8872], [-87.61353, 41.88706], [-87.61357, 41.88702], [-87.61354, 41.88682], [-87.61338, 41.88656], [-87.61336, 41.88629], [-87.61333, 41.88628], [-87.6133, 41.8861], [-87.61329, 41.88584], [-87.61318, 41.88577], [-87.61299, 41.8858], [-87.6129, 41.88585], [-87.61291, 41.88588], [-87.61284, 41.88585], [-87.61283, 41.88581], [-87.61278, 41.88554], [-87.61283, 41.88495], [-87.61276, 41.88482], [-87.61276, 41.88476], [-87.61274, 41.88479], [-87.61277, 41.88477], [-87.61283, 41.88463], [-87.61284, 41.88449], [-87.61281, 41.8844], [-87.61283, 41.88432], [-87.6128, 41.88423], [-87.61283, 41.88422], [-87.61285, 41.88414], [-87.61283, 41.88408], [-87.61279, 41.8841], [-87.61282, 41.88409], [-87.61282, 41.88397], [-87.61285, 41.88396], [-87.61283, 41.88385], [-87.61287, 41.88354], [-87.61292, 41.88344], [-87.61306, 41.88335], [-87.61314, 41.88322], [-87.61331, 41.88307], [-87.61352, 41.88292], [-87.61396, 41.88271], [-87.61472, 41.88254], [-87.61569, 41.88257], [-87.61586, 41.88254], [-87.61608, 41.88245], [-87.61617, 41.88232], [-87.6163, 41.88227], [-87.61662, 41.88196], [-87.6168, 41.88185], [-87.61702, 41.88139], [-87.61705, 41.8813], [-87.61701, 41.88117], [-87.61707, 41.88107], [-87.61713, 41.88104], [-87.61724, 41.88109], [-87.618, 41.88105], [-87.61845, 41.88107], [-87.61865, 41.88103], [-87.619, 41.88103], [-87.61904, 41.881], [-87.61944, 41.88104], [-87.61966, 41.881], [-87.62049, 41.88106], [-87.6223, 41.88096], [-87.62256, 41.88096], [-87.62267, 41.88099], [-87.62442, 41.8809], [-87.62454, 41.88095], [-87.62468, 41.88088], [-87.62524, 41.88089], [-87.6261, 41.88083], [-87.62599, 41.88088], [-87.626, 41.8809], [-87.62598, 41.88088], [-87.62604, 41.88093], [-87.62605, 41.88097], [-87.62629, 41.88083], [-87.62656, 41.88084], [-87.62661, 41.88089], [-87.62732, 41.88083], [-87.62744, 41.88076], [-87.62756, 41.88073], [-87.62769, 41.88077], [-87.62831, 41.8808], [-87.62889, 41.88071], [-87.62897, 41.88076], [-87.62899, 41.88072], [-87.62931, 41.88082], [-87.62936, 41.88083], [-87.62933, 41.8808], [-87.62928, 41.88081], [-87.62939, 41.88085], [-87.62958, 41.8808], [-87.6296, 41.88066], [-87.62965, 41.88064], [-87.63021, 41.88065], [-87.63033, 41.88068], [-87.63056, 41.88064], [-87.63211, 41.88059], [-87.63226, 41.88061], [-87.63224, 41.88063], [-87.63226, 41.88064], [-87.63211, 41.88058], [-87.63214, 41.8805], [-87.6322, 41.88046], [-87.63218, 41.88049], [-87.63224, 41.88061], [-87.63245, 41.88078], [-87.63244, 41.88076], [-87.63329, 41.88067], [-87.63335, 41.88067], [-87.63344, 41.88074], [-87.63366, 41.88072], [-87.63375, 41.88067], [-87.63398, 41.88075], [-87.63413, 41.88064], [-87.63447, 41.88063], [-87.63454, 41.88058], [-87.6349, 41.88056], [-87.63516, 41.88057], [-87.63519, 41.88058], [-87.63513, 41.88058], [-87.63514, 41.8806], [-87.63553, 41.88061], [-87.63558, 41.88066], [-87.63564, 41.88067], [-87.63581, 41.88055], [-87.63595, 41.88056], [-87.63599, 41.8806], [-87.63589, 41.88055], [-87.63656, 41.88065], [-87.63672, 41.8806], [-87.63672, 41.88077], [-87.63675, 41.88079], [-87.63669, 41.88086], [-87.63668, 41.88081], [-87.63673, 41.88063], [-87.63679, 41.8806], [-87.63702, 41.88061], [-87.63751, 41.88068], [-87.63822, 41.88069], [-87.6384, 41.88065], [-87.63854, 41.88067], [-87.63869, 41.88065], [-87.63874, 41.88066], [-87.63875, 41.88069], [-87.63874, 41.88085], [-87.63871, 41.88089], [-87.63878, 41.88127], [-87.63871, 41.88159], [-87.63874, 41.88173], [-87.6388, 41.88185], [-87.63903, 41.88178], [-87.6391, 41.88181], [-87.63932, 41.88181], [-87.63934, 41.88183], [-87.63995, 41.8818], [-87.64008, 41.88175], [-87.64063, 41.8818], [-87.64091, 41.8818], [-87.6411, 41.88177], [-87.64102, 41.8818], [-87.64136, 41.88182], [-87.64189, 41.88178], [-87.64191, 41.88176], [-87.64188, 41.88174], [-87.64181, 41.88176], [-87.64181, 41.8818], [-87.64182, 41.88178], [-87.64175, 41.88172], [-87.64171, 41.88163], [-87.64155, 41.88166], [-87.64177, 41.88161], [-87.64172, 41.88167], [-87.64182, 41.8817], [-87.64182, 41.88164], [-87.64184, 41.88165], [-87.64177, 41.88163], [-87.64184, 41.88163], [-87.64176, 41.88163], [-87.64178, 41.88165], [-87.64178, 41.88161], [-87.64207, 41.88175], [-87.64203, 41.8817], [-87.64228, 41.88181], [-87.64261, 41.88199], [-87.64273, 41.88208], [-87.64275, 41.88212], [-87.6427, 41.88216], [-87.64257, 41.8821], [-87.64255, 41.88196], [-87.64248, 41.88192], [-87.64253, 41.88193], [-87.64253, 41.8819], [-87.64227, 41.88188], [-87.64262, 41.88202], [-87.64256, 41.88195], [-87.64239, 41.88188], [-87.64246, 41.88188], [-87.64236, 41.88187], [-87.6425, 41.88188], [-87.6421, 41.88186], [-87.64223, 41.88181], [-87.64214, 41.8818], [-87.64195, 41.88169], [-87.6422, 41.88182], [-87.64217, 41.88179], [-87.64189, 41.88178], [-87.6423, 41.8818], [-87.64252, 41.88177], [-87.64265, 41.88172], [-87.64278, 41.8818], [-87.64274, 41.88184], [-87.64271, 41.88181], [-87.64276, 41.8818], [-87.64275, 41.88185], [-87.64271, 41.88185], [-87.64255, 41.8817], [-87.64253, 41.88142], [-87.64256, 41.88156], [-87.64253, 41.88141], [-87.64171, 41.88161], [-87.64182, 41.88162], [-87.64194, 41.88159], [-87.64211, 41.88162], [-87.64216, 41.88159], [-87.64199, 41.8816], [-87.64195, 41.88166], [-87.64191, 41.88165], [-87.64193, 41.88164], [-87.6419, 41.88167], [-87.64192, 41.88168], [-87.64194, 41.88165], [-87.64191, 41.88164], [-87.64188, 41.88172], [-87.64169, 41.88183], [-87.64234, 41.88208], [-87.64242, 41.88209], [-87.64257, 41.88204], [-87.6426, 41.88194], [-87.64252, 41.88187], [-87.64252, 41.88182], [-87.64239, 41.88179], [-87.6424, 41.8819], [-87.64245, 41.88194], [-87.64253, 41.88193], [-87.64224, 41.88146], [-87.64217, 41.8815], [-87.6422, 41.88144], [-87.6422, 41.88147], [-87.64224, 41.88147], [-87.64231, 41.88132]]}}, {"type": "Feature", "properties": {"name": "Old Town Art Fair", "source": "Old_Town_Art_Fair.gpx", "points": 346}, "geometry": {"type": "LineString", "coordinates": [[-87.6361, 41.91103], [-87.63562, 41.91105], [-87.63514, 41.91103], [-87.63518, 41.91104], [-87.63513, 41.91106], [-87.63484, 41.91104], [-87.63482, 41.91155], [-87.63485, 41.91163], [-87.63484, 41.91191], [-87.63487, 41.91234], [-87.63474, 41.91243], [-87.63488, 41.91262], [-87.63487, 41.91301], [-87.6349, 41.91347], [-87.63485, 41.91349], [-87.63488, 41.91355], [-87.63487, 41.91362], [-87.63491, 41.91368], [-87.63497, 41.9137], [-87.63655, 41.91364], [-87.6366, 41.9136], [-87.63654, 41.91353], [-87.63659, 41.91351], [-87.63667, 41.91352], [-87.63669, 41.91358], [-87.63675, 41.91361], [-87.63679, 41.91377], [-87.63674, 41.91396], [-87.63679, 41.91434], [-87.63674, 41.91449], [-87.63675, 41.91456], [-87.63683, 41.91459], [-87.63678, 41.91472], [-87.63671, 41.9147], [-87.63671, 41.91476], [-87.63656, 41.91479], [-87.63622, 41.91478], [-87.63599, 41.91479], [-87.63609, 41.91481], [-87.6358, 41.9148], [-87.63577, 41.91477], [-87.63552, 41.91478], [-87.63541, 41.91475], [-87.63527, 41.91477], [-87.63545, 41.9148], [-87.6355, 41.91484], [-87.63621, 41.91481], [-87.63626, 41.91486], [-87.63624, 41.91511], [-87.63628, 41.91535], [-87.63625, 41.91546], [-87.63631, 41.91566], [-87.63627, 41.91584], [-87.63631, 41.91618], [-87.6363, 41.91631], [-87.63637, 41.91617], [-87.63634, 41.91602], [-87.63637, 41.91599], [-87.63635, 41.91596], [-87.63637, 41.91594], [-87.63633, 41.91567], [-87.63635, 41.9155], [-87.63631, 41.91539], [-87.63632, 41.91517], [-87.63626, 41.91493], [-87.63627, 41.91487], [-87.63618, 41.91478], [-87.63607, 41.9148], [-87.63626, 41.91486], [-87.63655, 41.91478], [-87.63674, 41.91477], [-87.63677, 41.91474], [-87.63688, 41.91477], [-87.63707, 41.91475], [-87.63711, 41.91479], [-87.63738, 41.91481], [-87.63753, 41.91477], [-87.63794, 41.91475], [-87.63811, 41.91479], [-87.63837, 41.91473], [-87.63758, 41.91477], [-87.63747, 41.9148], [-87.6375, 41.91486], [-87.63753, 41.91486], [-87.63752, 41.91489], [-87.63755, 41.9149], [-87.63752, 41.91484], [-87.63754, 41.91484], [-87.63754, 41.91494], [-87.6375, 41.91513], [-87.63747, 41.91511], [-87.63751, 41.91509], [-87.63749, 41.91517], [-87.63753, 41.91518], [-87.63747, 41.9153], [-87.63749, 41.91529], [-87.63751, 41.91534], [-87.63747, 41.9154], [-87.6375, 41.9155], [-87.63747, 41.91557], [-87.63756, 41.9163], [-87.63754, 41.91646], [-87.63742, 41.91652], [-87.63719, 41.91654], [-87.63668, 41.91653], [-87.6368, 41.91648], [-87.63701, 41.91648], [-87.63704, 41.91655], [-87.63722, 41.91652], [-87.63748, 41.91654], [-87.63754, 41.91662], [-87.63759, 41.91662], [-87.63789, 41.91653], [-87.6381, 41.91655], [-87.63818, 41.91652], [-87.63817, 41.91651], [-87.63829, 41.91655], [-87.63837, 41.91654], [-87.63831, 41.91647], [-87.63833, 41.91643], [-87.63789, 41.91645], [-87.63754, 41.91642], [-87.63756, 41.91622], [-87.63757, 41.91628], [-87.63757, 41.91616], [-87.63761, 41.91613], [-87.63765, 41.91591], [-87.63761, 41.91568], [-87.63752, 41.9156], [-87.63749, 41.91547], [-87.63753, 41.9154], [-87.63751, 41.9152], [-87.63754, 41.9151], [-87.63751, 41.91507], [-87.63748, 41.91493], [-87.63755, 41.9149], [-87.63755, 41.91483], [-87.63751, 41.91479], [-87.63747, 41.9148], [-87.63791, 41.91475], [-87.63756, 41.91479], [-87.63735, 41.91478], [-87.6372, 41.9147], [-87.63703, 41.91472], [-87.63694, 41.91476], [-87.63684, 41.91476], [-87.63677, 41.91471], [-87.63675, 41.91468], [-87.63681, 41.91444], [-87.63674, 41.91372], [-87.63681, 41.91365], [-87.63675, 41.91355], [-87.63675, 41.91347], [-87.63673, 41.91344], [-87.63671, 41.91349], [-87.63671, 41.91357], [-87.63679, 41.91373], [-87.63681, 41.91392], [-87.63676, 41.914], [-87.63672, 41.91399], [-87.63674, 41.91399], [-87.63678, 41.91368], [-87.63673, 41.91356], [-87.6367, 41.91358], [-87.63675, 41.91337], [-87.63675, 41.9131], [-87.63678, 41.91315], [-87.63675, 41.91322], [-87.63679, 41.91331], [-87.63672, 41.91312], [-87.63674, 41.9132], [-87.63682, 41.91315], [-87.63673, 41.91305], [-87.63663, 41.9131], [-87.63659, 41.91316], [-87.63668, 41.91349], [-87.63664, 41.91356], [-87.63673, 41.91365], [-87.63676, 41.91376], [-87.63674, 41.91387], [-87.63676, 41.91401], [-87.63672, 41.91413], [-87.63676, 41.91419], [-87.63677, 41.91429], [-87.63673, 41.91474], [-87.63683, 41.91478], [-87.63696, 41.91477], [-87.6369, 41.91491], [-87.63692, 41.91531], [-87.63688, 41.91559], [-87.63694, 41.91617], [-87.63739, 41.91615], [-87.63755, 41.91617], [-87.63753, 41.91632], [-87.6376, 41.91639], [-87.63755, 41.91653], [-87.6377, 41.9165], [-87.63793, 41.91658], [-87.63829, 41.91654], [-87.6383, 41.9165], [-87.63845, 41.91642], [-87.63858, 41.91644], [-87.63859, 41.91652], [-87.6387, 41.9165], [-87.6387, 41.91642], [-87.63866, 41.91642], [-87.63865, 41.91634], [-87.63868, 41.91625], [-87.63865, 41.91529], [-87.63872, 41.91524], [-87.63871, 41.91516], [-87.63874, 41.91511], [-87.63871, 41.91506], [-87.63867, 41.91505], [-87.63866, 41.91497], [-87.63864, 41.91498], [-87.63868, 41.91471], [-87.63864, 41.91466], [-87.63864, 41.91412], [-87.63863, 41.91399], [-87.63859, 41.91394], [-87.63858, 41.91366], [-87.63861, 41.91362], [-87.63859, 41.91325], [-87.63853, 41.91318], [-87.63848, 41.91302], [-87.63858, 41.91275], [-87.63856, 41.91248], [-87.63861, 41.91233], [-87.63858, 41.91213], [-87.63857, 41.91164], [-87.63853, 41.91159], [-87.63856, 41.91143], [-87.63852, 41.91119], [-87.6379, 41.91122], [-87.63775, 41.91126], [-87.63732, 41.91123], [-87.63697, 41.91126], [-87.63515, 41.91128], [-87.63483, 41.91125], [-87.6349, 41.9111], [-87.63483, 41.91103], [-87.63472, 41.91108], [-87.63464, 41.91107], [-87.63465, 41.91105], [-87.63474, 41.91103], [-87.63489, 41.91109], [-87.63495, 41.91102], [-87.63487, 41.91104], [-87.63492, 41.91105], [-87.63489, 41.91114], [-87.63491, 41.91115], [-87.63477, 41.91104], [-87.63439, 41.91109], [-87.63415, 41.91105], [-87.63333, 41.91107], [-87.63325, 41.91112], [-87.63329, 41.91098], [-87.63307, 41.91108], [-87.63297, 41.91109], [-87.6328, 41.91109], [-87.63276, 41.91106], [-87.63267, 41.91108], [-87.6318, 41.91109], [-87.63168, 41.91102], [-87.63132, 41.91109], [-87.63058, 41.91107], [-87.63001, 41.91112], [-87.62773, 41.9112], [-87.62752, 41.91112], [-87.62728, 41.9112], [-87.62689, 41.91117], [-87.62666, 41.91127], [-87.62651, 41.91121], [-87.62647, 41.91102], [-87.62636, 41.91095], [-87.6264, 41.91089], [-87.62636, 41.91047], [-87.6264, 41.91031], [-87.62635, 41.91012], [-87.62632, 41.90967], [-87.62632, 41.90963], [-87.6264, 41.90956], [-87.62627, 41.90947], [-87.62624, 41.90914], [-87.62627, 41.90907], [-87.62636, 41.90899], [-87.62626, 41.90876], [-87.62612, 41.90857], [-87.62605, 41.90828], [-87.62617, 41.90821], [-87.62618, 41.90809], [-87.62602, 41.90787], [-87.62586, 41.90783], [-87.62588, 41.90774], [-87.62586, 41.90761], [-87.62576, 41.90736], [-87.62576, 41.90718], [-87.6258, 41.90721], [-87.62573, 41.907], [-87.62574, 41.90687], [-87.62559, 41.9064], [-87.62545, 41.90585], [-87.62548, 41.90577], [-87.62532, 41.90534], [-87.62534, 41.9053], [-87.62526, 41.90498], [-87.62528, 41.90478], [-87.62521, 41.90413], [-87.62526, 41.90398], [-87.62518, 41.90389], [-87.62517, 41.90383], [-87.62504, 41.90369], [-87.62502, 41.90346], [-87.62489, 41.90319], [-87.62486, 41.90302], [-87.62469, 41.90253], [-87.62471, 41.90247], [-87.62481, 41.90238], [-87.62465, 41.90235], [-87.62457, 41.90221], [-87.6245, 41.90203], [-87.6245, 41.90191], [-87.62435, 41.9015], [-87.62435, 41.90083], [-87.6244, 41.90084], [-87.62444, 41.90068], [-87.62436, 41.90057], [-87.62435, 41.90047], [-87.62432, 41.90007], [-87.62435, 41.90009], [-87.62437, 41.90007], [-87.62435, 41.90005], [-87.6244, 41.90005], [-87.62436, 41.89996], [-87.62428, 41.89986], [-87.62432, 41.89963], [-87.6243, 41.89925], [-87.62431, 41.89917], [-87.62432, 41.89922], [-87.62443, 41.89916], [-87.6244, 41.8991], [-87.62422, 41.89901], [-87.62418, 41.89895], [-87.62425, 41.89844], [-87.62432, 41.89841]]}}, {"type": "Feature", "properties": {"name": "PR humboldt walt disney 606", "source": "PR_humboldt_walt_disney_606.gpx", "points": 716}, "geometry": {"type": "LineString", "coordinates": [[-87.70351, 41.90231], [-87.70344, 41.90216], [-87.70347, 41.90219], [-87.70344, 41.90212], [-87.70347, 41.9021], [-87.70349, 41.90212], [-87.70344, 41.90212], [-87.7035, 41.90214], [-87.70351, 41.90203], [-87.7035, 41.90218], [-87.70344, 41.90217], [-87.70343, 41.90211], [-87.70337, 41.9021], [-87.70339, 41.90207], [-87.70336, 41.90209], [-87.70331, 41.90203], [-87.70321, 41.90206], [-87.70312, 41.90203], [-87.70311, 41.90209], [-87.70315, 41.90213], [-87.7031, 41.90216], [-87.70331, 41.90217], [-87.70328, 41.90227], [-87.70331, 41.90222], [-87.7033, 41.90217], [-87.70324, 41.90212], [-87.7032, 41.90214], [-87.70327, 41.90214], [-87.70328, 41.90208], [-87.70333, 41.90208], [-87.70329, 41.90211], [-87.70322, 41.90212], [-87.70326, 41.90217], [-87.70323, 41.90219], [-87.70325, 41.90218], [-87.7032, 41.90217], [-87.70316, 41.90212], [-87.7032, 41.90217], [-87.70317, 41.9022], [-87.70321, 41.90219], [-87.70318, 41.90222], [-87.70325, 41.90222], [-87.70332, 41.90229], [-87.70343, 41.9023], [-87.70342, 41.90227], [-87.70341, 41.90235], [-87.70335, 41.90242], [-87.7034, 41.90243], [-87.70339, 41.90249], [-87.70346, 41.90252], [-87.70349, 41.90251], [-87.70342, 41.90241], [-87.70345, 41.90229], [-87.70367, 41.9023], [-87.7037, 41.90226], [-87.70367, 41.90219], [-87.70372, 41.90226], [-87.70391, 41.90226], [-87.70395, 41.90223], [-87.70397, 41.90212], [-87.70404, 41.90211], [-87.70399, 41.90207], [-87.704, 41.90213], [-87.70382, 41.90228], [-87.70369, 41.90234], [-87.70373, 41.90251], [-87.70368, 41.90261], [-87.7036, 41.90262], [-87.70355, 41.90267], [-87.70343, 41.90263], [-87.70337, 41.90274], [-87.70317, 41.90268], [-87.70338, 41.90273], [-87.70367, 41.90272], [-87.7037, 41.90284], [-87.70368, 41.903], [-87.70333, 41.90295], [-87.70291, 41.90298], [-87.7026, 41.90295], [-87.7024, 41.903], [-87.70191, 41.90296], [-87.70156, 41.903], [-87.70146, 41.90311], [-87.70154, 41.9032], [-87.70193, 41.90336], [-87.70188, 41.90347], [-87.70188, 41.90366], [-87.70194, 41.90373], [-87.70209, 41.90375], [-87.70213, 41.90373], [-87.70211, 41.90375], [-87.70214, 41.90381], [-87.70228, 41.90378], [-87.70237, 41.90381], [-87.70242, 41.90375], [-87.70322, 41.90375], [-87.70343, 41.90372], [-87.70343, 41.9039], [-87.70357, 41.90397], [-87.70384, 41.90426], [-87.70355, 41.90449], [-87.70342, 41.90464], [-87.7034, 41.90468], [-87.70347, 41.90475], [-87.70352, 41.90475], [-87.70353, 41.90473], [-87.70334, 41.90467], [-87.70326, 41.9047], [-87.70322, 41.90465], [-87.70306, 41.90464], [-87.70302, 41.90466], [-87.70257, 41.90461], [-87.70186, 41.90476], [-87.70155, 41.90496], [-87.70149, 41.90503], [-87.70131, 41.90511], [-87.70119, 41.90524], [-87.7009, 41.90524], [-87.70075, 41.90518], [-87.70067, 41.90519], [-87.70063, 41.90525], [-87.70063, 41.90532], [-87.7007, 41.90553], [-87.70061, 41.90568], [-87.70076, 41.90571], [-87.70079, 41.90559], [-87.70073, 41.90543], [-87.70058, 41.90539], [-87.70049, 41.90539], [-87.70029, 41.90555], [-87.70014, 41.90561], [-87.69993, 41.90561], [-87.69964, 41.90556], [-87.69946, 41.9056], [-87.69933, 41.90569], [-87.69954, 41.90596], [-87.69952, 41.90614], [-87.69953, 41.9062], [-87.69956, 41.9062], [-87.69951, 41.90624], [-87.69938, 41.90652], [-87.69921, 41.90647], [-87.69913, 41.9064], [-87.69918, 41.90636], [-87.69919, 41.90621], [-87.69953, 41.90618], [-87.69951, 41.90592], [-87.69946, 41.90585], [-87.69936, 41.90578], [-87.69922, 41.90577], [-87.69891, 41.90581], [-87.69875, 41.90589], [-87.6987, 41.90604], [-87.69861, 41.90618], [-87.69868, 41.90632], [-87.69862, 41.90644], [-87.69879, 41.90659], [-87.69879, 41.9067], [-87.69892, 41.90686], [-87.6989, 41.9069], [-87.69895, 41.90687], [-87.69894, 41.90684], [-87.69872, 41.9067], [-87.69839, 41.90677], [-87.69808, 41.90698], [-87.69812, 41.90783], [-87.69814, 41.90785], [-87.69818, 41.90782], [-87.69822, 41.90795], [-87.69825, 41.90796], [-87.69824, 41.90805], [-87.69853, 41.90825], [-87.69889, 41.90821], [-87.69893, 41.90815], [-87.6989, 41.90807], [-87.69904, 41.90794], [-87.69938, 41.90776], [-87.69961, 41.90777], [-87.69981, 41.90784], [-87.70013, 41.90784], [-87.70028, 41.90771], [-87.7006, 41.90751], [-87.70056, 41.90746], [-87.70035, 41.90743], [-87.70029, 41.90738], [-87.70032, 41.90743], [-87.70046, 41.90744], [-87.70062, 41.90751], [-87.70108, 41.90731], [-87.70113, 41.90723], [-87.70112, 41.90718], [-87.701, 41.90712], [-87.70079, 41.9071], [-87.70084, 41.90702], [-87.70077, 41.90689], [-87.70081, 41.90667], [-87.70106, 41.90642], [-87.70136, 41.9064], [-87.70158, 41.90644], [-87.70169, 41.9065], [-87.70164, 41.90663], [-87.70156, 41.90668], [-87.70175, 41.90665], [-87.70217, 41.90685], [-87.70237, 41.90699], [-87.70252, 41.90722], [-87.70266, 41.90725], [-87.70278, 41.90735], [-87.7029, 41.90731], [-87.70328, 41.90747], [-87.70342, 41.90747], [-87.7035, 41.90741], [-87.70357, 41.90712], [-87.70361, 41.90711], [-87.70346, 41.90706], [-87.70343, 41.907], [-87.70347, 41.90697], [-87.70342, 41.90697], [-87.70349, 41.90705], [-87.70355, 41.90719], [-87.70343, 41.9074], [-87.70338, 41.90742], [-87.70305, 41.90739], [-87.70272, 41.90726], [-87.70254, 41.90725], [-87.70247, 41.9072], [-87.70237, 41.907], [-87.70243, 41.90688], [-87.70245, 41.90677], [-87.70257, 41.90666], [-87.7028, 41.90656], [-87.70288, 41.90642], [-87.70306, 41.90624], [-87.70302, 41.90617], [-87.70305, 41.90607], [-87.70311, 41.90606], [-87.70328, 41.90616], [-87.70351, 41.90614], [-87.70379, 41.90619], [-87.70419, 41.90634], [-87.70449, 41.9065], [-87.70472, 41.90654], [-87.70483, 41.9066], [-87.70489, 41.90671], [-87.70492, 41.90691], [-87.7049, 41.90741], [-87.70496, 41.9075], [-87.70507, 41.90756], [-87.70581, 41.9076], [-87.70616, 41.90733], [-87.70687, 41.90734], [-87.70684, 41.90775], [-87.70688, 41.9078], [-87.7068, 41.9079], [-87.70677, 41.90801], [-87.70676, 41.90863], [-87.70678, 41.90889], [-87.70683, 41.90922], [-87.70688, 41.9093], [-87.7069, 41.90954], [-87.70688, 41.90994], [-87.70684, 41.91001], [-87.70695, 41.91003], [-87.70714, 41.91], [-87.70813, 41.90998], [-87.7089, 41.91], [-87.70941, 41.90997], [-87.71, 41.91001], [-87.71077, 41.90994], [-87.71097, 41.90997], [-87.71216, 41.90993], [-87.71339, 41.90995], [-87.71382, 41.90992], [-87.71663, 41.90988], [-87.71667, 41.9099], [-87.71654, 41.9101], [-87.71655, 41.91017], [-87.71733, 41.9101], [-87.71849, 41.91013], [-87.71885, 41.91009], [-87.71928, 41.91011], [-87.71943, 41.91007], [-87.71981, 41.91011], [-87.72009, 41.91006], [-87.72075, 41.91002], [-87.72111, 41.91006], [-87.72207, 41.91005], [-87.72214, 41.91002], [-87.72229, 41.91005], [-87.72294, 41.91007], [-87.72319, 41.91005], [-87.72329, 41.91002], [-87.72334, 41.90998], [-87.7238, 41.91003], [-87.72382, 41.91019], [-87.72385, 41.9102], [-87.72383, 41.91021], [-87.72386, 41.91015], [-87.72381, 41.91011], [-87.72384, 41.91004], [-87.72391, 41.91004], [-87.72395, 41.91007], [-87.72393, 41.91008], [-87.72397, 41.91004], [-87.72393, 41.91016], [-87.72398, 41.91023], [-87.7241, 41.91029], [-87.72412, 41.91034], [-87.72422, 41.91035], [-87.72455, 41.91031], [-87.72492, 41.91002], [-87.72498, 41.91002], [-87.72621, 41.91], [-87.72625, 41.90996], [-87.72635, 41.91001], [-87.72686, 41.91003], [-87.72714, 41.90999], [-87.728, 41.91001], [-87.72852, 41.90996], [-87.72859, 41.90999], [-87.72886, 41.91001], [-87.72921, 41.90998], [-87.72966, 41.91002], [-87.72983, 41.90996], [-87.73019, 41.90998], [-87.73022, 41.90995], [-87.73033, 41.90996], [-87.73035, 41.91002], [-87.73047, 41.91006], [-87.73063, 41.90999], [-87.73089, 41.91003], [-87.73098, 41.90997], [-87.73114, 41.90998], [-87.73152, 41.90992], [-87.73188, 41.90999], [-87.73206, 41.90996], [-87.73234, 41.90997], [-87.73235, 41.91024], [-87.73244, 41.91036], [-87.73246, 41.91051], [-87.73248, 41.91193], [-87.73252, 41.91241], [-87.7325, 41.91262], [-87.73257, 41.91389], [-87.73257, 41.91533], [-87.73264, 41.91627], [-87.73263, 41.91655], [-87.73256, 41.91665], [-87.73255, 41.91672], [-87.73261, 41.91855], [-87.73265, 41.91882], [-87.73263, 41.91912], [-87.73268, 41.92031], [-87.73271, 41.92062], [-87.7329, 41.9207], [-87.73289, 41.92061], [-87.73285, 41.92062], [-87.73288, 41.92062], [-87.73286, 41.92068], [-87.73321, 41.92069], [-87.73318, 41.92072], [-87.73322, 41.92067], [-87.7329, 41.92069], [-87.73281, 41.92064], [-87.73277, 41.9207], [-87.7327, 41.92071], [-87.73263, 41.92067], [-87.72817, 41.92075], [-87.72782, 41.92075], [-87.72765, 41.92071], [-87.72686, 41.92076], [-87.72601, 41.92076], [-87.72573, 41.92079], [-87.72437, 41.92077], [-87.72412, 41.92079], [-87.72407, 41.92086], [-87.72402, 41.92087], [-87.72345, 41.92081], [-87.72248, 41.92084], [-87.72189, 41.92083], [-87.72188, 41.92064], [-87.72192, 41.92018], [-87.72186, 41.91972], [-87.72189, 41.91945], [-87.72184, 41.91891], [-87.72187, 41.9185], [-87.72179, 41.91738], [-87.72167, 41.91699], [-87.72169, 41.91664], [-87.72166, 41.9164], [-87.7217, 41.91622], [-87.72167, 41.91605], [-87.7217, 41.91586], [-87.72168, 41.91553], [-87.72162, 41.91543], [-87.7215, 41.9154], [-87.72072, 41.91538], [-87.72048, 41.91535], [-87.72042, 41.91531], [-87.72041, 41.91525], [-87.72046, 41.91516], [-87.72048, 41.91498], [-87.7204, 41.91442], [-87.72042, 41.91411], [-87.72044, 41.91403], [-87.7203, 41.91396], [-87.72024, 41.91404], [-87.72027, 41.91413], [-87.72034, 41.91413], [-87.72038, 41.91408], [-87.72038, 41.91392], [-87.72034, 41.9138], [-87.7204, 41.91364], [-87.72035, 41.91355], [-87.7202, 41.91352], [-87.72006, 41.9136], [-87.71983, 41.91365], [-87.7191, 41.91368], [-87.71698, 41.91362], [-87.71593, 41.91363], [-87.71568, 41.91374], [-87.7152, 41.91377], [-87.71514, 41.91379], [-87.71516, 41.9138], [-87.71519, 41.91423], [-87.71522, 41.91537], [-87.71538, 41.91543], [-87.71661, 41.91537], [-87.71662, 41.91499], [-87.71673, 41.91488], [-87.71676, 41.91481], [-87.71675, 41.91424], [-87.71678, 41.91423], [-87.71679, 41.91419], [-87.71677, 41.91414], [-87.71678, 41.91389], [-87.71676, 41.91387], [-87.71679, 41.91376], [-87.71678, 41.91358], [-87.71674, 41.91353], [-87.71677, 41.91358], [-87.71675, 41.91366], [-87.71681, 41.91378], [-87.71678, 41.91382], [-87.71681, 41.91389], [-87.71678, 41.91409], [-87.7168, 41.91445], [-87.71677, 41.91472], [-87.71681, 41.91497], [-87.71791, 41.91496], [-87.71791, 41.91486], [-87.71782, 41.91474], [-87.71786, 41.91424], [-87.71779, 41.91371], [-87.71782, 41.91356], [-87.71778, 41.91352], [-87.71776, 41.91353], [-87.71779, 41.91344], [-87.71779, 41.91335], [-87.71787, 41.91324], [-87.71799, 41.91333], [-87.71796, 41.91376], [-87.71803, 41.91419], [-87.71801, 41.91441], [-87.71809, 41.91449], [-87.71808, 41.91452], [-87.71816, 41.91455], [-87.71812, 41.91468], [-87.71805, 41.91475], [-87.71802, 41.91493], [-87.71809, 41.91498], [-87.71836, 41.91494], [-87.71859, 41.91498], [-87.71915, 41.91492], [-87.71919, 41.91484], [-87.71918, 41.91475], [-87.71939, 41.9147], [-87.71961, 41.91452], [-87.71963, 41.91448], [-87.71956, 41.91431], [-87.71956, 41.91422], [-87.71977, 41.91421], [-87.72016, 41.91429], [-87.72029, 41.91423], [-87.72033, 41.91407], [-87.72048, 41.91398], [-87.72047, 41.91395], [-87.72035, 41.91393], [-87.72032, 41.91384], [-87.72043, 41.91362], [-87.72035, 41.91352], [-87.72025, 41.91349], [-87.72017, 41.9135], [-87.71998, 41.91361], [-87.72002, 41.91373], [-87.72013, 41.91375], [-87.72028, 41.91372], [-87.72032, 41.91368], [-87.72032, 41.91362], [-87.72024, 41.91358], [-87.72012, 41.91362], [-87.72009, 41.91367], [-87.72015, 41.91369], [-87.72021, 41.91363], [-87.72016, 41.91364], [-87.72013, 41.91368], [-87.72027, 41.9137], [-87.72029, 41.91364], [-87.72025, 41.91361], [-87.72018, 41.91362], [-87.72009, 41.91369], [-87.72007, 41.91368], [-87.72012, 41.91362], [-87.72025, 41.91358], [-87.72031, 41.91362], [-87.72031, 41.91368], [-87.72013, 41.91375], [-87.72007, 41.91374], [-87.72001, 41.91365], [-87.71994, 41.91363], [-87.71828, 41.91366], [-87.71822, 41.91368], [-87.71799, 41.91365], [-87.71797, 41.91357], [-87.71793, 41.91355], [-87.7178, 41.91357], [-87.71775, 41.91361], [-87.71747, 41.91364], [-87.71668, 41.91359], [-87.71616, 41.91363], [-87.71563, 41.91362], [-87.7155, 41.91363], [-87.71551, 41.91366], [-87.71549, 41.91366], [-87.71495, 41.91363], [-87.71399, 41.91374], [-87.71347, 41.91373], [-87.71342, 41.91376], [-87.71343, 41.91386], [-87.71353, 41.91396], [-87.71346, 41.9139], [-87.71345, 41.91381], [-87.7133, 41.91373], [-87.7126, 41.91367], [-87.71252, 41.91368], [-87.71253, 41.91371], [-87.71217, 41.91372], [-87.71182, 41.91378], [-87.7115, 41.9138], [-87.71117, 41.91378], [-87.71085, 41.91372], [-87.71038, 41.9137], [-87.71027, 41.91372], [-87.70994, 41.91367], [-87.70917, 41.91374], [-87.70821, 41.91374], [-87.70795, 41.91371], [-87.70749, 41.91377], [-87.70704, 41.91379], [-87.7069, 41.91376], [-87.70663, 41.9138], [-87.7053, 41.91381], [-87.70462, 41.91376], [-87.70451, 41.91389], [-87.7042, 41.91388], [-87.70411, 41.91394], [-87.70414, 41.91401], [-87.70458, 41.91398], [-87.70467, 41.91402], [-87.70465, 41.91404], [-87.70452, 41.91401], [-87.70423, 41.91403], [-87.70417, 41.91399], [-87.70414, 41.91393], [-87.70418, 41.91388], [-87.70453, 41.9139], [-87.70455, 41.91384], [-87.70447, 41.9138], [-87.70382, 41.91379], [-87.7036, 41.91382], [-87.70255, 41.9138], [-87.70245, 41.91381], [-87.70237, 41.91387], [-87.70213, 41.91387], [-87.70188, 41.91386], [-87.70191, 41.91382], [-87.70188, 41.91378], [-87.70177, 41.91381], [-87.70115, 41.91383], [-87.70086, 41.91388], [-87.70068, 41.91386], [-87.70051, 41.91389], [-87.69971, 41.91386], [-87.69967, 41.91381], [-87.69955, 41.91378], [-87.69873, 41.91387], [-87.6981, 41.91384], [-87.69764, 41.91387], [-87.69625, 41.91381], [-87.69571, 41.91385], [-87.69527, 41.91382], [-87.69408, 41.91389], [-87.69362, 41.9138], [-87.69324, 41.91387], [-87.6929, 41.91387], [-87.6927, 41.91385], [-87.69256, 41.91388], [-87.69209, 41.91389], [-87.69185, 41.91386], [-87.69083, 41.91389], [-87.68934, 41.91386], [-87.68849, 41.91389], [-87.68796, 41.91387], [-87.6873, 41.91389], [-87.68724, 41.91392], [-87.68703, 41.91389], [-87.68637, 41.91393], [-87.68448, 41.91394], [-87.68383, 41.91399], [-87.68379, 41.91402], [-87.68369, 41.91399], [-87.68332, 41.91399], [-87.68328, 41.914], [-87.68327, 41.91406], [-87.68309, 41.914], [-87.6826, 41.91405], [-87.68268, 41.91416], [-87.68283, 41.91411], [-87.68277, 41.91423], [-87.68279, 41.91425], [-87.68297, 41.91414], [-87.68296, 41.91421], [-87.68286, 41.91432], [-87.68294, 41.91439], [-87.6831, 41.91443], [-87.68319, 41.91441], [-87.68327, 41.91435], [-87.68329, 41.91431], [-87.68327, 41.91427], [-87.68318, 41.91421], [-87.68306, 41.91419], [-87.68293, 41.91428], [-87.68294, 41.91435], [-87.68291, 41.91436], [-87.68288, 41.9143], [-87.68296, 41.91419], [-87.68296, 41.91414], [-87.68277, 41.91424], [-87.68264, 41.91417], [-87.68261, 41.91398], [-87.68244, 41.91402], [-87.68242, 41.91405], [-87.68206, 41.91404], [-87.68185, 41.91409], [-87.68111, 41.91414], [-87.681, 41.91417], [-87.68084, 41.91415], [-87.68046, 41.91428], [-87.68015, 41.91425], [-87.68004, 41.91419], [-87.67996, 41.91419], [-87.67988, 41.91424], [-87.67904, 41.91427], [-87.67828, 41.91424], [-87.67817, 41.91428], [-87.67777, 41.91423], [-87.67765, 41.91418], [-87.67758, 41.91423], [-87.67757, 41.91409], [-87.67753, 41.91404], [-87.67741, 41.9141], [-87.67725, 41.91407], [-87.67701, 41.91408], [-87.67692, 41.91416], [-87.67696, 41.91414], [-87.6769, 41.91412], [-87.67681, 41.91414], [-87.67638, 41.9141], [-87.67637, 41.91413], [-87.67629, 41.91409], [-87.67461, 41.91414], [-87.67416, 41.91411], [-87.67351, 41.91417], [-87.6727, 41.91414], [-87.67266, 41.91415], [-87.67265, 41.9142], [-87.67255, 41.91416], [-87.67246, 41.91416], [-87.67224, 41.91417], [-87.67209, 41.91422], [-87.67181, 41.91421], [-87.67174, 41.91416], [-87.67153, 41.91416], [-87.67054, 41.91425], [-87.66888, 41.91423], [-87.66831, 41.9143], [-87.6682, 41.91433], [-87.66813, 41.91439], [-87.6681, 41.91448], [-87.66813, 41.91455], [-87.66821, 41.91462], [-87.66856, 41.91468], [-87.66877, 41.91467], [-87.66889, 41.91459], [-87.66892, 41.91454], [-87.6689, 41.91443], [-87.66859, 41.9142], [-87.66856, 41.914], [-87.66849, 41.91389], [-87.66854, 41.91378], [-87.66842, 41.91372], [-87.66833, 41.91351], [-87.66827, 41.91342], [-87.66821, 41.91341], [-87.66824, 41.91322], [-87.66794, 41.91334]]}}, {"type": "Feature", "properties": {"name": "Rivernorth + Portillos", "source": "Rivernorth_Portillos.gpx", "points": 376}, "geometry": {"type": "LineString", "coordinates": [[-87.64247, 41.88132], [-87.64247, 41.88135], [-87.64215, 41.88141], [-87.64212, 41.88151], [-87.64223, 41.8816], [-87.6423, 41.88161], [-87.64244, 41.88151], [-87.64229, 41.88155], [-87.64177, 41.88156], [-87.64154, 41.88162], [-87.64131, 41.88155], [-87.64121, 41.88158], [-87.64124, 41.88158], [-87.64129, 41.88166], [-87.64125, 41.88177], [-87.6407, 41.88178], [-87.64064, 41.88181], [-87.64042, 41.88177], [-87.64037, 41.88179], [-87.64027, 41.88175], [-87.63918, 41.88177], [-87.63901, 41.8818], [-87.63896, 41.88188], [-87.63885, 41.8819], [-87.63872, 41.882], [-87.63871, 41.88253], [-87.63868, 41.8827], [-87.63858, 41.8829], [-87.63855, 41.88308], [-87.63853, 41.88336], [-87.63863, 41.88347], [-87.63853, 41.88363], [-87.63848, 41.88363], [-87.63856, 41.88364], [-87.63858, 41.88377], [-87.63856, 41.88392], [-87.63854, 41.88397], [-87.63851, 41.88396], [-87.63847, 41.88418], [-87.63832, 41.8843], [-87.63846, 41.88437], [-87.63846, 41.88431], [-87.63866, 41.88438], [-87.63859, 41.88457], [-87.63862, 41.88464], [-87.63857, 41.88471], [-87.63856, 41.88479], [-87.63892, 41.88502], [-87.63889, 41.88506], [-87.63896, 41.88508], [-87.63893, 41.88511], [-87.639, 41.88513], [-87.63883, 41.88524], [-87.63882, 41.88528], [-87.63889, 41.88529], [-87.63877, 41.8854], [-87.63874, 41.88547], [-87.63859, 41.88549], [-87.63862, 41.88553], [-87.63874, 41.88554], [-87.63881, 41.88561], [-87.63882, 41.88564], [-87.63879, 41.88567], [-87.63866, 41.8857], [-87.63874, 41.88573], [-87.63909, 41.88573], [-87.63925, 41.88583], [-87.63935, 41.88581], [-87.63949, 41.88585], [-87.63945, 41.88589], [-87.63918, 41.88589], [-87.63915, 41.88592], [-87.63913, 41.88604], [-87.63905, 41.8861], [-87.63896, 41.8861], [-87.63888, 41.88615], [-87.63877, 41.88629], [-87.63868, 41.88627], [-87.63885, 41.88641], [-87.63879, 41.8864], [-87.63877, 41.88648], [-87.63911, 41.88669], [-87.63915, 41.88681], [-87.63932, 41.88694], [-87.63947, 41.88688], [-87.63959, 41.88692], [-87.6396, 41.88684], [-87.63957, 41.88675], [-87.63971, 41.88682], [-87.6398, 41.88666], [-87.63984, 41.88668], [-87.63985, 41.88703], [-87.63989, 41.88723], [-87.63982, 41.88738], [-87.63981, 41.88748], [-87.63988, 41.88755], [-87.63983, 41.88767], [-87.63987, 41.88777], [-87.63988, 41.88816], [-87.63995, 41.88855], [-87.63994, 41.88898], [-87.63991, 41.889], [-87.63892, 41.88904], [-87.63799, 41.889], [-87.63796, 41.88905], [-87.63804, 41.88905], [-87.63803, 41.88913], [-87.63797, 41.88918], [-87.63779, 41.88919], [-87.63715, 41.88915], [-87.63704, 41.88912], [-87.63693, 41.88905], [-87.63676, 41.88905], [-87.63666, 41.88911], [-87.63662, 41.88919], [-87.63666, 41.88945], [-87.63666, 41.88984], [-87.63654, 41.88986], [-87.63542, 41.88991], [-87.63522, 41.88988], [-87.63455, 41.8899], [-87.63439, 41.88987], [-87.63419, 41.88973], [-87.63379, 41.88991], [-87.63278, 41.88992], [-87.63273, 41.88991], [-87.63281, 41.8899], [-87.63263, 41.88986], [-87.63235, 41.88993], [-87.63207, 41.88992], [-87.63198, 41.88996], [-87.63185, 41.88993], [-87.63121, 41.88994], [-87.63099, 41.88991], [-87.63028, 41.88997], [-87.63028, 41.89], [-87.63019, 41.89003], [-87.62885, 41.88996], [-87.62815, 41.88999], [-87.62796, 41.89002], [-87.6278, 41.88998], [-87.62754, 41.88998], [-87.62578, 41.89006], [-87.62564, 41.89013], [-87.62541, 41.89014], [-87.62527, 41.89013], [-87.62521, 41.89005], [-87.62463, 41.89004], [-87.62452, 41.89005], [-87.62443, 41.89016], [-87.6243, 41.89018], [-87.62434, 41.89043], [-87.62433, 41.89067], [-87.6243, 41.89064], [-87.62434, 41.89087], [-87.62426, 41.89104], [-87.62437, 41.89133], [-87.62437, 41.89152], [-87.62434, 41.89158], [-87.62436, 41.89163], [-87.62434, 41.89172], [-87.62423, 41.89182], [-87.62427, 41.89189], [-87.62425, 41.89207], [-87.62432, 41.89245], [-87.62454, 41.89242], [-87.62532, 41.89244], [-87.62544, 41.89241], [-87.62571, 41.89246], [-87.62645, 41.8924], [-87.62668, 41.89244], [-87.62668, 41.89238], [-87.62667, 41.89241], [-87.62673, 41.89244], [-87.62717, 41.89247], [-87.62802, 41.89237], [-87.6282, 41.89241], [-87.62981, 41.89234], [-87.63025, 41.89236], [-87.63084, 41.89234], [-87.63097, 41.8924], [-87.63124, 41.89232], [-87.63134, 41.89234], [-87.6324, 41.89235], [-87.63272, 41.8923], [-87.63298, 41.89236], [-87.63317, 41.89227], [-87.63328, 41.89226], [-87.63379, 41.89234], [-87.63408, 41.89232], [-87.63403, 41.89231], [-87.63424, 41.89226], [-87.63437, 41.89232], [-87.63464, 41.89231], [-87.63469, 41.89233], [-87.63491, 41.89228], [-87.63562, 41.89231], [-87.6357, 41.89229], [-87.63568, 41.89224], [-87.63573, 41.89219], [-87.63587, 41.89217], [-87.6361, 41.89219], [-87.63635, 41.89227], [-87.63698, 41.89228], [-87.63694, 41.89252], [-87.63694, 41.89296], [-87.6369, 41.89305], [-87.63684, 41.89303], [-87.63668, 41.89308], [-87.63597, 41.8931], [-87.63546, 41.8931], [-87.63541, 41.89306], [-87.63514, 41.89311], [-87.63463, 41.89313], [-87.63419, 41.89311], [-87.63414, 41.8932], [-87.63418, 41.89329], [-87.63391, 41.89325], [-87.6335, 41.89326], [-87.63257, 41.89333], [-87.63246, 41.8933], [-87.63194, 41.89331], [-87.63191, 41.89328], [-87.63147, 41.89329], [-87.63131, 41.89365], [-87.63138, 41.89356], [-87.63135, 41.89351], [-87.63138, 41.89349], [-87.63136, 41.89346], [-87.63144, 41.89346], [-87.63143, 41.89343], [-87.63147, 41.89339], [-87.63125, 41.89331], [-87.63103, 41.89332], [-87.63092, 41.89336], [-87.62996, 41.8933], [-87.62928, 41.8933], [-87.62898, 41.89333], [-87.62898, 41.89335], [-87.62804, 41.89331], [-87.62803, 41.89334], [-87.62802, 41.8933], [-87.62798, 41.89328], [-87.62785, 41.89333], [-87.6273, 41.89331], [-87.62684, 41.89333], [-87.62678, 41.89334], [-87.62683, 41.89335], [-87.62684, 41.89338], [-87.62675, 41.89339], [-87.62661, 41.89337], [-87.62467, 41.89337], [-87.62443, 41.89335], [-87.6244, 41.89332], [-87.62443, 41.89327], [-87.6244, 41.89321], [-87.62442, 41.89287], [-87.62439, 41.89281], [-87.62443, 41.89277], [-87.62442, 41.89264], [-87.62445, 41.8925], [-87.62457, 41.89243], [-87.62533, 41.89243], [-87.62531, 41.89195], [-87.62534, 41.89194], [-87.62531, 41.89185], [-87.62538, 41.89178], [-87.62542, 41.89178], [-87.62548, 41.8917], [-87.62557, 41.89177], [-87.62593, 41.89177], [-87.62661, 41.89176], [-87.62676, 41.89173], [-87.6269, 41.89176], [-87.62748, 41.89175], [-87.62767, 41.89172], [-87.62831, 41.89174], [-87.62869, 41.89167], [-87.62927, 41.89166], [-87.62957, 41.89169], [-87.62971, 41.89174], [-87.62983, 41.89171], [-87.62993, 41.89174], [-87.63045, 41.8917], [-87.63079, 41.8917], [-87.63101, 41.89173], [-87.63109, 41.8917], [-87.63115, 41.89172], [-87.63213, 41.89171], [-87.63248, 41.89167], [-87.6352, 41.89167], [-87.63548, 41.89163], [-87.6357, 41.89166], [-87.63684, 41.89159], [-87.63715, 41.89163], [-87.63729, 41.89162], [-87.63732, 41.8916], [-87.63801, 41.89155], [-87.6382, 41.89158], [-87.63928, 41.89155], [-87.63995, 41.89158], [-87.64012, 41.89156], [-87.64007, 41.89153], [-87.64004, 41.89144], [-87.64047, 41.89135], [-87.6405, 41.89125], [-87.64058, 41.89124], [-87.64058, 41.89115], [-87.64064, 41.89104], [-87.64056, 41.8912], [-87.64061, 41.89124], [-87.64061, 41.89132], [-87.64043, 41.89133], [-87.64059, 41.89137], [-87.64156, 41.89133], [-87.64206, 41.89125], [-87.64211, 41.89128], [-87.64281, 41.89116], [-87.64327, 41.89114], [-87.64407, 41.89117], [-87.64426, 41.89115], [-87.6443, 41.89096], [-87.64431, 41.89065], [-87.6443, 41.89049], [-87.64426, 41.8904], [-87.64429, 41.89022], [-87.64425, 41.8901], [-87.64423, 41.88972], [-87.64425, 41.88909], [-87.64422, 41.88901], [-87.64426, 41.88862], [-87.64422, 41.88824], [-87.64428, 41.88819], [-87.64429, 41.88813], [-87.64424, 41.88791], [-87.6442, 41.88789], [-87.64423, 41.88741], [-87.64421, 41.88682], [-87.64416, 41.88668], [-87.64415, 41.88645], [-87.64416, 41.88634], [-87.64421, 41.88635], [-87.64423, 41.88631], [-87.64417, 41.88585], [-87.64437, 41.88576], [-87.64441, 41.88572], [-87.64434, 41.88535], [-87.64437, 41.88513], [-87.64431, 41.88375], [-87.64431, 41.88357], [-87.64433, 41.88355], [-87.64428, 41.88342], [-87.64426, 41.88324], [-87.64429, 41.88323], [-87.64426, 41.88307], [-87.64432, 41.8826], [-87.64428, 41.88245], [-87.64429, 41.88215], [-87.64426, 41.8818], [-87.64423, 41.88169], [-87.64418, 41.88168], [-87.64396, 41.88173], [-87.64279, 41.88173], [-87.64257, 41.88167], [-87.64257, 41.88155], [-87.6424, 41.88155], [-87.64229, 41.88149], [-87.642, 41.88154], [-87.64212, 41.88149], [-87.64229, 41.8815], [-87.64243, 41.88147], [-87.64247, 41.88144], [-87.64246, 41.88137], [-87.64237, 41.88131], [-87.64229, 41.88135], [-87.64245, 41.88127]]}}, {"type": "Feature", "properties": {"name": "Riverwalk + Fireworks", "source": "Riverwalk_Fireworks.gpx", "points": 376}, "geometry": {"type": "LineString", "coordinates": [[-87.64221, 41.88142], [-87.64219, 41.88141], [-87.6422, 41.88147], [-87.64212, 41.88139], [-87.64204, 41.8814], [-87.64183, 41.88161], [-87.64185, 41.88171], [-87.64182, 41.88176], [-87.64152, 41.88176], [-87.64149, 41.8817], [-87.64142, 41.88181], [-87.64136, 41.8818], [-87.64132, 41.88186], [-87.64117, 41.88185], [-87.64114, 41.88188], [-87.64108, 41.88204], [-87.64115, 41.88225], [-87.64126, 41.8824], [-87.64117, 41.88273], [-87.64123, 41.8828], [-87.64094, 41.88287], [-87.64089, 41.88292], [-87.6407, 41.88298], [-87.64056, 41.88296], [-87.6405, 41.88291], [-87.64029, 41.88291], [-87.64006, 41.88305], [-87.63986, 41.88322], [-87.63959, 41.88333], [-87.63958, 41.88336], [-87.63949, 41.88326], [-87.63953, 41.8832], [-87.63964, 41.88316], [-87.63974, 41.88303], [-87.63979, 41.8832], [-87.63976, 41.88378], [-87.63972, 41.88392], [-87.63978, 41.8842], [-87.63959, 41.88436], [-87.63877, 41.88437], [-87.63846, 41.88442], [-87.6383, 41.88439], [-87.63806, 41.88441], [-87.63802, 41.88437], [-87.63738, 41.8844], [-87.63727, 41.8844], [-87.63728, 41.88434], [-87.63709, 41.88452], [-87.63708, 41.88463], [-87.63718, 41.88476], [-87.63717, 41.885], [-87.63715, 41.88513], [-87.63706, 41.88516], [-87.63711, 41.88524], [-87.63711, 41.88534], [-87.63697, 41.88572], [-87.63698, 41.8858], [-87.63694, 41.88593], [-87.63697, 41.88595], [-87.63694, 41.88602], [-87.6367, 41.88627], [-87.63616, 41.88655], [-87.63617, 41.88661], [-87.63581, 41.88685], [-87.63595, 41.8868], [-87.63607, 41.88683], [-87.63619, 41.88681], [-87.63629, 41.8867], [-87.63654, 41.88657], [-87.63635, 41.88655], [-87.63625, 41.88658], [-87.63618, 41.88663], [-87.63629, 41.88665], [-87.63637, 41.88677], [-87.63654, 41.88673], [-87.6366, 41.88662], [-87.63654, 41.88656], [-87.63656, 41.88651], [-87.63667, 41.88645], [-87.63671, 41.88638], [-87.63703, 41.88622], [-87.636, 41.88693], [-87.63574, 41.88701], [-87.63575, 41.88712], [-87.63557, 41.88722], [-87.63532, 41.88712], [-87.63476, 41.88706], [-87.63433, 41.88708], [-87.63411, 41.88727], [-87.63392, 41.8873], [-87.63376, 41.88728], [-87.63366, 41.88719], [-87.63308, 41.88718], [-87.6328, 41.88719], [-87.63275, 41.88721], [-87.63272, 41.88729], [-87.63253, 41.88729], [-87.63221, 41.88725], [-87.6322, 41.88717], [-87.63213, 41.88714], [-87.63171, 41.8871], [-87.63122, 41.88716], [-87.63116, 41.88727], [-87.63075, 41.88725], [-87.63069, 41.88716], [-87.63042, 41.88712], [-87.62979, 41.88716], [-87.62971, 41.88725], [-87.62932, 41.88725], [-87.62926, 41.88713], [-87.62826, 41.88713], [-87.62819, 41.88731], [-87.62777, 41.88729], [-87.62764, 41.88732], [-87.62764, 41.88727], [-87.62757, 41.88727], [-87.62724, 41.88737], [-87.62686, 41.88762], [-87.62675, 41.88777], [-87.62668, 41.888], [-87.62651, 41.88803], [-87.62629, 41.88802], [-87.62635, 41.88798], [-87.62629, 41.88808], [-87.62608, 41.88813], [-87.62601, 41.8881], [-87.62599, 41.88807], [-87.62572, 41.88826], [-87.62484, 41.88862], [-87.62433, 41.88859], [-87.62388, 41.88848], [-87.62384, 41.88848], [-87.62387, 41.88852], [-87.62378, 41.88849], [-87.62377, 41.88852], [-87.62372, 41.88847], [-87.62365, 41.88851], [-87.62372, 41.88859], [-87.62357, 41.88858], [-87.62339, 41.88855], [-87.6232, 41.88847], [-87.62265, 41.88844], [-87.62236, 41.88836], [-87.62174, 41.8883], [-87.62148, 41.88835], [-87.62129, 41.88829], [-87.62107, 41.88828], [-87.62082, 41.88836], [-87.62084, 41.88835], [-87.62078, 41.88834], [-87.62081, 41.88829], [-87.62069, 41.88837], [-87.62063, 41.88844], [-87.6205, 41.88846], [-87.62019, 41.88839], [-87.62006, 41.88827], [-87.61983, 41.88819], [-87.61961, 41.88816], [-87.61949, 41.88818], [-87.61905, 41.88808], [-87.61859, 41.88806], [-87.61849, 41.88803], [-87.61844, 41.88797], [-87.61816, 41.88798], [-87.61795, 41.88791], [-87.61782, 41.88793], [-87.61759, 41.88791], [-87.61738, 41.88797], [-87.61682, 41.88791], [-87.61647, 41.88785], [-87.61644, 41.88782], [-87.61632, 41.88781], [-87.61631, 41.88779], [-87.61635, 41.88778], [-87.61622, 41.88774], [-87.61584, 41.8878], [-87.6158, 41.88787], [-87.61572, 41.8879], [-87.6155, 41.88787], [-87.61526, 41.88789], [-87.61518, 41.88784], [-87.61464, 41.88786], [-87.61454, 41.88793], [-87.61445, 41.88784], [-87.61421, 41.88775], [-87.61398, 41.88773], [-87.61361, 41.8878], [-87.61346, 41.88789], [-87.61311, 41.88787], [-87.61296, 41.88781], [-87.61301, 41.88782], [-87.61279, 41.88788], [-87.61288, 41.88783], [-87.61283, 41.88769], [-87.61281, 41.88723], [-87.61283, 41.8872], [-87.61298, 41.88721], [-87.61304, 41.88718], [-87.61294, 41.88666], [-87.61299, 41.88661], [-87.61325, 41.88657], [-87.61338, 41.88643], [-87.61331, 41.88608], [-87.61332, 41.88587], [-87.61328, 41.88564], [-87.61334, 41.88559], [-87.61334, 41.88547], [-87.61325, 41.88529], [-87.61323, 41.88497], [-87.61328, 41.88495], [-87.61334, 41.88481], [-87.61332, 41.88471], [-87.61338, 41.88461], [-87.61337, 41.88459], [-87.61357, 41.88461], [-87.61364, 41.88452], [-87.61379, 41.8845], [-87.61422, 41.88456], [-87.61466, 41.88452], [-87.61482, 41.88456], [-87.61538, 41.88439], [-87.61564, 41.8844], [-87.61576, 41.88438], [-87.61582, 41.88439], [-87.61582, 41.88446], [-87.61585, 41.8845], [-87.61604, 41.88459], [-87.61639, 41.88444], [-87.6166, 41.88444], [-87.61668, 41.88449], [-87.6169, 41.88445], [-87.61728, 41.88426], [-87.61773, 41.88411], [-87.6176, 41.88428], [-87.61751, 41.88461], [-87.61752, 41.88471], [-87.61769, 41.88482], [-87.61781, 41.88473], [-87.61775, 41.88478], [-87.61807, 41.88467], [-87.61814, 41.88461], [-87.61851, 41.88458], [-87.61866, 41.88453], [-87.61881, 41.8846], [-87.61916, 41.88459], [-87.61931, 41.88462], [-87.61968, 41.88458], [-87.61978, 41.88461], [-87.62026, 41.88459], [-87.62049, 41.88461], [-87.62064, 41.88465], [-87.62086, 41.88459], [-87.62099, 41.88459], [-87.62108, 41.88453], [-87.62123, 41.8846], [-87.62142, 41.88461], [-87.62151, 41.88465], [-87.62203, 41.88462], [-87.62235, 41.88464], [-87.62289, 41.88459], [-87.62353, 41.8846], [-87.62385, 41.88457], [-87.624, 41.88461], [-87.62429, 41.88461], [-87.62441, 41.88456], [-87.62547, 41.88456], [-87.62557, 41.88461], [-87.62602, 41.88454], [-87.6261, 41.88459], [-87.62616, 41.88457], [-87.6262, 41.88453], [-87.62621, 41.88448], [-87.62619, 41.88439], [-87.62612, 41.8843], [-87.62615, 41.88416], [-87.6261, 41.8841], [-87.62613, 41.88408], [-87.62609, 41.88401], [-87.6261, 41.88388], [-87.62605, 41.88378], [-87.62609, 41.8833], [-87.62602, 41.88321], [-87.62608, 41.88295], [-87.62609, 41.88224], [-87.62617, 41.88216], [-87.62608, 41.88212], [-87.62602, 41.88199], [-87.62607, 41.88178], [-87.62601, 41.88166], [-87.62602, 41.88086], [-87.62597, 41.88071], [-87.62601, 41.88063], [-87.62601, 41.88035], [-87.62596, 41.88026], [-87.62601, 41.88], [-87.62599, 41.87961], [-87.62607, 41.87951], [-87.62633, 41.87954], [-87.62636, 41.8795], [-87.6263, 41.87947], [-87.62637, 41.87952], [-87.62676, 41.87944], [-87.62764, 41.87944], [-87.62787, 41.87939], [-87.62837, 41.87938], [-87.62855, 41.87938], [-87.62861, 41.87941], [-87.62878, 41.87939], [-87.62895, 41.87943], [-87.62917, 41.87938], [-87.62967, 41.8794], [-87.62993, 41.87937], [-87.63001, 41.87932], [-87.63019, 41.87932], [-87.63066, 41.87935], [-87.63072, 41.87951], [-87.63072, 41.87948], [-87.6309, 41.87936], [-87.631, 41.87932], [-87.63177, 41.87943], [-87.63213, 41.87941], [-87.63256, 41.87944], [-87.63272, 41.8794], [-87.63297, 41.87944], [-87.63338, 41.87941], [-87.63349, 41.87943], [-87.63361, 41.87939], [-87.63404, 41.87956], [-87.63425, 41.87946], [-87.63523, 41.87942], [-87.63528, 41.87935], [-87.63528, 41.87913], [-87.63553, 41.87909], [-87.63604, 41.87927], [-87.63627, 41.87929], [-87.63646, 41.87927], [-87.63666, 41.87933], [-87.63679, 41.8793], [-87.63689, 41.8792], [-87.63698, 41.87901], [-87.63707, 41.879], [-87.63718, 41.87894], [-87.63748, 41.87909], [-87.6377, 41.8791], [-87.6378, 41.87923], [-87.63797, 41.87925], [-87.63801, 41.87931], [-87.63835, 41.87926], [-87.63848, 41.87928], [-87.63854, 41.87932], [-87.63854, 41.87937], [-87.63864, 41.87948], [-87.63867, 41.87958], [-87.6387, 41.87992], [-87.63868, 41.87999], [-87.63865, 41.88], [-87.63866, 41.88019], [-87.63862, 41.88027], [-87.63865, 41.88037], [-87.6387, 41.88038], [-87.63874, 41.88045], [-87.63883, 41.8805], [-87.63946, 41.8805], [-87.63961, 41.88068], [-87.63974, 41.88068], [-87.63986, 41.88074], [-87.63982, 41.88083], [-87.63983, 41.88096], [-87.63983, 41.88107], [-87.6399, 41.88126], [-87.63985, 41.8816], [-87.6399, 41.88176], [-87.64066, 41.88172], [-87.64072, 41.88175], [-87.64128, 41.88179], [-87.64176, 41.88176]]}}, {"type": "Feature", "properties": {"name": "Soutsiiiide", "source": "Soutsiiiide.gpx", "points": 1389}, "geometry": {"type": "LineString", "coordinates": [[-87.58408, 41.79809], [-87.58281, 41.79812], [-87.58242, 41.7981], [-87.58207, 41.79772], [-87.5819, 41.7976], [-87.58166, 41.79731], [-87.5817, 41.79731], [-87.58159, 41.79723], [-87.58142, 41.79703], [-87.58124, 41.79692], [-87.58109, 41.7967], [-87.58075, 41.79671], [-87.58058, 41.79665], [-87.58054, 41.79659], [-87.58026, 41.7966], [-87.57983, 41.79653], [-87.57966, 41.79599], [-87.57962, 41.79567], [-87.57952, 41.79563], [-87.57934, 41.79565], [-87.57919, 41.79561], [-87.57924, 41.79553], [-87.57906, 41.79559], [-87.57856, 41.79566], [-87.57861, 41.79568], [-87.57864, 41.79573], [-87.57857, 41.79578], [-87.5786, 41.79606], [-87.57855, 41.79613], [-87.57856, 41.79631], [-87.57848, 41.7964], [-87.57823, 41.79655], [-87.57797, 41.79659], [-87.57732, 41.79655], [-87.57721, 41.7965], [-87.57705, 41.79659], [-87.57696, 41.79659], [-87.57682, 41.79651], [-87.57669, 41.79635], [-87.57652, 41.79636], [-87.57624, 41.79629], [-87.57617, 41.79632], [-87.57616, 41.79637], [-87.5764, 41.79665], [-87.57631, 41.79672], [-87.57624, 41.7967], [-87.57622, 41.79661], [-87.57627, 41.7966], [-87.5763, 41.79656], [-87.57625, 41.79657], [-87.57622, 41.79652], [-87.57616, 41.79653], [-87.57635, 41.79657], [-87.57636, 41.79668], [-87.5763, 41.79676], [-87.57612, 41.7968], [-87.57571, 41.79658], [-87.5756, 41.79643], [-87.57534, 41.79649], [-87.57549, 41.79647], [-87.57553, 41.79635], [-87.57561, 41.79627], [-87.57568, 41.79595], [-87.57574, 41.79582], [-87.57594, 41.79557], [-87.57628, 41.79545], [-87.57634, 41.79545], [-87.57645, 41.79537], [-87.57661, 41.7954], [-87.57732, 41.79535], [-87.57742, 41.79532], [-87.57754, 41.79516], [-87.57764, 41.79525], [-87.57779, 41.79525], [-87.57819, 41.79513], [-87.57842, 41.79498], [-87.57854, 41.79495], [-87.57911, 41.79454], [-87.57922, 41.79436], [-87.57952, 41.79411], [-87.57973, 41.79381], [-87.57977, 41.7938], [-87.57988, 41.79356], [-87.58008, 41.79278], [-87.58009, 41.79251], [-87.58007, 41.79233], [-87.58, 41.79223], [-87.57978, 41.79207], [-87.5797, 41.79191], [-87.57977, 41.79182], [-87.57985, 41.7918], [-87.57976, 41.79181], [-87.5797, 41.79178], [-87.5797, 41.79166], [-87.57972, 41.79167], [-87.57967, 41.79159], [-87.57978, 41.79145], [-87.57967, 41.79122], [-87.57935, 41.79069], [-87.57914, 41.79047], [-87.57901, 41.79023], [-87.57885, 41.79018], [-87.57828, 41.7897], [-87.57787, 41.78914], [-87.57779, 41.78885], [-87.57751, 41.78876], [-87.57748, 41.78868], [-87.57726, 41.78848], [-87.57726, 41.78842], [-87.5772, 41.7884], [-87.57723, 41.78838], [-87.5773, 41.78851], [-87.5775, 41.78858], [-87.57779, 41.78858], [-87.5779, 41.78862], [-87.57827, 41.78855], [-87.5783, 41.78858], [-87.57827, 41.78859], [-87.57833, 41.7886], [-87.57845, 41.78874], [-87.57874, 41.78881], [-87.57898, 41.78875], [-87.57916, 41.78875], [-87.57941, 41.78863], [-87.57969, 41.7886], [-87.58055, 41.78821], [-87.58061, 41.7881], [-87.58057, 41.78802], [-87.58057, 41.78789], [-87.58066, 41.78773], [-87.58075, 41.78765], [-87.58082, 41.78764], [-87.58088, 41.78746], [-87.58084, 41.78729], [-87.58071, 41.78715], [-87.58061, 41.78713], [-87.58068, 41.78708], [-87.58034, 41.78667], [-87.58047, 41.78641], [-87.58067, 41.78625], [-87.58073, 41.78613], [-87.58071, 41.78601], [-87.58075, 41.78589], [-87.58055, 41.78581], [-87.58048, 41.78553], [-87.58051, 41.78547], [-87.58064, 41.78539], [-87.58068, 41.78525], [-87.58066, 41.78513], [-87.58038, 41.78479], [-87.58035, 41.78455], [-87.58028, 41.78439], [-87.58003, 41.78399], [-87.57997, 41.78397], [-87.57988, 41.78399], [-87.57939, 41.78387], [-87.57913, 41.78371], [-87.57907, 41.78364], [-87.57913, 41.78361], [-87.57909, 41.78358], [-87.57891, 41.78358], [-87.57874, 41.7834], [-87.57872, 41.78317], [-87.57857, 41.78298], [-87.5785, 41.7828], [-87.57861, 41.78274], [-87.57898, 41.78273], [-87.57931, 41.78285], [-87.57936, 41.78282], [-87.57937, 41.78291], [-87.57955, 41.78305], [-87.57974, 41.78304], [-87.58005, 41.78316], [-87.58031, 41.78314], [-87.58034, 41.78316], [-87.58035, 41.78309], [-87.58044, 41.78297], [-87.58053, 41.78263], [-87.58052, 41.78243], [-87.58058, 41.78228], [-87.58053, 41.78222], [-87.58052, 41.78213], [-87.58064, 41.78203], [-87.58097, 41.78191], [-87.58115, 41.7818], [-87.58133, 41.78178], [-87.58163, 41.7818], [-87.5818, 41.78185], [-87.58204, 41.78178], [-87.58205, 41.78176], [-87.58214, 41.78181], [-87.58214, 41.78192], [-87.58232, 41.7822], [-87.58246, 41.78221], [-87.58232, 41.7821], [-87.58212, 41.78203], [-87.58184, 41.78206], [-87.58168, 41.782], [-87.58148, 41.78207], [-87.58151, 41.78234], [-87.58148, 41.78256], [-87.58138, 41.7828], [-87.58132, 41.78308], [-87.5815, 41.78343], [-87.58168, 41.78356], [-87.58173, 41.78366], [-87.58164, 41.78395], [-87.58165, 41.7842], [-87.5817, 41.78422], [-87.58179, 41.78413], [-87.58177, 41.78394], [-87.58181, 41.78394], [-87.58198, 41.78409], [-87.58216, 41.78405], [-87.58211, 41.78396], [-87.58191, 41.78375], [-87.58174, 41.78364], [-87.58173, 41.7836], [-87.58184, 41.78358], [-87.58216, 41.78361], [-87.58233, 41.78355], [-87.58254, 41.7836], [-87.58272, 41.7838], [-87.58295, 41.78391], [-87.58298, 41.78399], [-87.58318, 41.78418], [-87.5831, 41.78426], [-87.58305, 41.78444], [-87.58292, 41.78458], [-87.58296, 41.78492], [-87.58294, 41.78493], [-87.58298, 41.78506], [-87.58307, 41.78514], [-87.58312, 41.78524], [-87.58313, 41.7854], [-87.58305, 41.78557], [-87.58317, 41.78581], [-87.58322, 41.7861], [-87.58321, 41.78626], [-87.58338, 41.78662], [-87.58339, 41.78671], [-87.58341, 41.78674], [-87.58347, 41.78673], [-87.58343, 41.78671], [-87.58333, 41.78677], [-87.58314, 41.78681], [-87.58299, 41.78677], [-87.58298, 41.78664], [-87.58289, 41.78659], [-87.5829, 41.78656], [-87.58284, 41.78649], [-87.58284, 41.78652], [-87.58289, 41.78647], [-87.58292, 41.78629], [-87.58296, 41.78624], [-87.58283, 41.78621], [-87.58282, 41.78609], [-87.58276, 41.78608], [-87.58276, 41.78602], [-87.58269, 41.78598], [-87.58271, 41.78596], [-87.58267, 41.78594], [-87.58263, 41.78593], [-87.58254, 41.78599], [-87.58252, 41.78605], [-87.58256, 41.78616], [-87.58251, 41.78623], [-87.58255, 41.78625], [-87.58255, 41.78623], [-87.58272, 41.78636], [-87.58251, 41.78623], [-87.58243, 41.78632], [-87.58248, 41.78643], [-87.5826, 41.78652], [-87.58259, 41.78656], [-87.58272, 41.7866], [-87.58287, 41.78683], [-87.58293, 41.78683], [-87.58299, 41.78678], [-87.58318, 41.78679], [-87.58331, 41.78676], [-87.58339, 41.78677], [-87.58341, 41.78681], [-87.58342, 41.78742], [-87.58348, 41.7875], [-87.58346, 41.78751], [-87.5835, 41.7877], [-87.5835, 41.78789], [-87.58355, 41.78802], [-87.58359, 41.78802], [-87.58356, 41.78804], [-87.58357, 41.78813], [-87.58353, 41.78817], [-87.5833, 41.78829], [-87.58321, 41.78836], [-87.58318, 41.7885], [-87.58321, 41.78852], [-87.58398, 41.78857], [-87.58434, 41.78866], [-87.58453, 41.78876], [-87.58465, 41.78879], [-87.58475, 41.78896], [-87.58489, 41.78901], [-87.58526, 41.78902], [-87.5853, 41.78906], [-87.58545, 41.78905], [-87.5855, 41.78897], [-87.58544, 41.78868], [-87.58554, 41.7883], [-87.58573, 41.78813], [-87.58595, 41.78805], [-87.586, 41.788], [-87.58616, 41.78801], [-87.58639, 41.78819], [-87.58639, 41.78802], [-87.58645, 41.78789], [-87.58644, 41.78772], [-87.58648, 41.78769], [-87.58681, 41.78772], [-87.58677, 41.78752], [-87.58773, 41.78751], [-87.58811, 41.78757], [-87.58839, 41.78765], [-87.58887, 41.78762], [-87.58916, 41.78763], [-87.59029, 41.78731], [-87.59033, 41.78706], [-87.59028, 41.78694], [-87.59023, 41.78691], [-87.5902, 41.78692], [-87.59029, 41.78705], [-87.59031, 41.78747], [-87.59036, 41.78751], [-87.59034, 41.7875], [-87.59028, 41.78755], [-87.59027, 41.78762], [-87.59027, 41.7878], [-87.59031, 41.78796], [-87.59046, 41.78794], [-87.59129, 41.78795], [-87.59164, 41.78792], [-87.59212, 41.78794], [-87.59298, 41.78791], [-87.59307, 41.78793], [-87.59309, 41.78798], [-87.5933, 41.78792], [-87.59334, 41.78792], [-87.59332, 41.78794], [-87.59378, 41.78787], [-87.59382, 41.78784], [-87.59428, 41.78792], [-87.59466, 41.78792], [-87.59471, 41.78837], [-87.59469, 41.78847], [-87.5947, 41.78921], [-87.59469, 41.78929], [-87.59466, 41.7893], [-87.59471, 41.78932], [-87.59474, 41.78958], [-87.59579, 41.78959], [-87.59623, 41.78954], [-87.59628, 41.78952], [-87.59627, 41.78949], [-87.59636, 41.78954], [-87.59651, 41.78954], [-87.59661, 41.78947], [-87.59658, 41.78928], [-87.59662, 41.78918], [-87.59661, 41.78912], [-87.59713, 41.78905], [-87.59732, 41.78881], [-87.59733, 41.78887], [-87.59738, 41.78891], [-87.59768, 41.7889], [-87.59786, 41.78901], [-87.59795, 41.78903], [-87.59793, 41.78907], [-87.59797, 41.78921], [-87.5981, 41.78917], [-87.59818, 41.78921], [-87.59846, 41.78916], [-87.59845, 41.78884], [-87.59852, 41.78872], [-87.59848, 41.78821], [-87.59869, 41.78814], [-87.59898, 41.7882], [-87.59951, 41.78816], [-87.59962, 41.7882], [-87.59967, 41.7885], [-87.59962, 41.78893], [-87.59967, 41.78935], [-87.59964, 41.78957], [-87.59968, 41.78962], [-87.60049, 41.78958], [-87.60061, 41.7896], [-87.60072, 41.78955], [-87.60137, 41.7896], [-87.60155, 41.78955], [-87.60186, 41.78955], [-87.60304, 41.78958], [-87.60344, 41.78945], [-87.60363, 41.78949], [-87.60393, 41.78945], [-87.60418, 41.78947], [-87.60449, 41.78942], [-87.60468, 41.78947], [-87.60474, 41.78944], [-87.60495, 41.78948], [-87.60527, 41.78944], [-87.60589, 41.78947], [-87.60603, 41.78945], [-87.60604, 41.78943], [-87.60601, 41.78921], [-87.60596, 41.78916], [-87.60595, 41.78907], [-87.60599, 41.78901], [-87.60598, 41.78835], [-87.60592, 41.78771], [-87.60595, 41.78762], [-87.60593, 41.78704], [-87.60591, 41.78696], [-87.60586, 41.78696], [-87.60589, 41.78703], [-87.60616, 41.78704], [-87.60621, 41.78701], [-87.60623, 41.7868], [-87.60646, 41.78679], [-87.60653, 41.7869], [-87.6067, 41.78695], [-87.60684, 41.78691], [-87.6069, 41.78678], [-87.60705, 41.7868], [-87.60747, 41.78677], [-87.60752, 41.78679], [-87.60748, 41.78683], [-87.60745, 41.78667], [-87.60758, 41.78653], [-87.60799, 41.78629], [-87.60834, 41.78624], [-87.60846, 41.78628], [-87.6086, 41.78641], [-87.60847, 41.78658], [-87.60845, 41.78665], [-87.60848, 41.78668], [-87.6086, 41.78663], [-87.60908, 41.78656], [-87.60945, 41.7864], [-87.61009, 41.78653], [-87.61071, 41.78672], [-87.61107, 41.78687], [-87.61112, 41.78691], [-87.61122, 41.78712], [-87.61138, 41.78726], [-87.61126, 41.78719], [-87.61107, 41.7872], [-87.61069, 41.78744], [-87.61062, 41.7876], [-87.61065, 41.78786], [-87.61059, 41.78791], [-87.6106, 41.78797], [-87.61055, 41.788], [-87.61056, 41.78794], [-87.61068, 41.78786], [-87.61062, 41.78764], [-87.61063, 41.78748], [-87.61112, 41.78718], [-87.61127, 41.78712], [-87.6118, 41.78704], [-87.61209, 41.78703], [-87.6123, 41.78709], [-87.61269, 41.78732], [-87.61352, 41.78761], [-87.61367, 41.78773], [-87.61373, 41.78781], [-87.61378, 41.78796], [-87.61387, 41.78861], [-87.6141, 41.78897], [-87.6141, 41.78905], [-87.61402, 41.78924], [-87.61387, 41.78931], [-87.61383, 41.78938], [-87.61346, 41.7895], [-87.61316, 41.78967], [-87.61283, 41.7901], [-87.61277, 41.79025], [-87.61254, 41.79022], [-87.61247, 41.79028], [-87.61252, 41.79022], [-87.61261, 41.79019], [-87.61272, 41.79023], [-87.61275, 41.79028], [-87.61267, 41.79055], [-87.61247, 41.7909], [-87.61245, 41.79108], [-87.61249, 41.79136], [-87.61267, 41.79172], [-87.61265, 41.79182], [-87.61272, 41.79193], [-87.61244, 41.79236], [-87.61223, 41.79258], [-87.61208, 41.7927], [-87.61146, 41.79306], [-87.6116, 41.79314], [-87.61177, 41.79317], [-87.61213, 41.79331], [-87.61256, 41.79336], [-87.61257, 41.7934], [-87.61245, 41.79353], [-87.61243, 41.7936], [-87.61254, 41.79375], [-87.61294, 41.79396], [-87.61435, 41.79447], [-87.61457, 41.79489], [-87.6149, 41.79505], [-87.61511, 41.79505], [-87.61541, 41.79493], [-87.61581, 41.79489], [-87.61621, 41.79495], [-87.61621, 41.79502], [-87.61601, 41.7949], [-87.61541, 41.79491], [-87.61507, 41.79504], [-87.61494, 41.79505], [-87.61456, 41.79491], [-87.61444, 41.79459], [-87.61432, 41.79442], [-87.61398, 41.79432], [-87.61398, 41.79428], [-87.61373, 41.79422], [-87.61284, 41.79391], [-87.61244, 41.79372], [-87.61234, 41.79373], [-87.61221, 41.79366], [-87.61152, 41.79355], [-87.61068, 41.79355], [-87.61053, 41.79358], [-87.61056, 41.79362], [-87.61044, 41.79353], [-87.61025, 41.79355], [-87.60934, 41.79378], [-87.60863, 41.79417], [-87.60834, 41.79448], [-87.6083, 41.79448], [-87.60802, 41.79469], [-87.60759, 41.79484], [-87.60731, 41.79485], [-87.6073, 41.7948], [-87.60754, 41.79447], [-87.60768, 41.79414], [-87.60772, 41.79396], [-87.60766, 41.79364], [-87.60773, 41.79356], [-87.6078, 41.79355], [-87.60775, 41.79347], [-87.60775, 41.79324], [-87.60762, 41.79314], [-87.60741, 41.79314], [-87.60729, 41.79309], [-87.60733, 41.79303], [-87.60732, 41.79266], [-87.60726, 41.79248], [-87.60732, 41.79237], [-87.6073, 41.79227], [-87.60732, 41.79219], [-87.60727, 41.79214], [-87.60729, 41.79211], [-87.60742, 41.79217], [-87.60745, 41.79216], [-87.6074, 41.79215], [-87.6074, 41.79212], [-87.60727, 41.79219], [-87.6073, 41.79215], [-87.60738, 41.79218], [-87.60739, 41.79216], [-87.60733, 41.79207], [-87.60729, 41.79212], [-87.60727, 41.79197], [-87.60734, 41.79195], [-87.60739, 41.79181], [-87.60732, 41.79183], [-87.6073, 41.79188], [-87.60733, 41.79188], [-87.60729, 41.79194], [-87.60732, 41.79194], [-87.60718, 41.792], [-87.60719, 41.79202], [-87.60722, 41.79197], [-87.60729, 41.79196], [-87.60725, 41.7919], [-87.60712, 41.79196], [-87.60703, 41.79194], [-87.60716, 41.79193], [-87.60717, 41.79183], [-87.60722, 41.7918], [-87.60719, 41.7918], [-87.60736, 41.79178], [-87.60735, 41.79174], [-87.60734, 41.79174], [-87.60739, 41.79176], [-87.60739, 41.79169], [-87.60737, 41.79176], [-87.60739, 41.79176], [-87.60737, 41.79174], [-87.60739, 41.79168], [-87.60735, 41.79166], [-87.60738, 41.79165], [-87.60735, 41.79167], [-87.60739, 41.7917], [-87.60736, 41.79167], [-87.60731, 41.7917], [-87.60732, 41.79167], [-87.60729, 41.79165], [-87.60726, 41.79171], [-87.60738, 41.79168], [-87.60737, 41.79162], [-87.60736, 41.79165], [-87.60738, 41.79161], [-87.6072, 41.7916], [-87.60736, 41.7916], [-87.60746, 41.79165], [-87.60741, 41.79162], [-87.60746, 41.79167], [-87.60743, 41.79168], [-87.60746, 41.79172], [-87.60723, 41.79168], [-87.60725, 41.79173], [-87.6072, 41.79164], [-87.60726, 41.7917], [-87.60717, 41.79173], [-87.60725, 41.79171], [-87.6072, 41.79171], [-87.60723, 41.7917], [-87.60721, 41.79169], [-87.60721, 41.79172], [-87.6071, 41.79175], [-87.60723, 41.79169], [-87.6072, 41.79173], [-87.60723, 41.79169], [-87.60724, 41.79171], [-87.60725, 41.79169], [-87.6072, 41.79171], [-87.60727, 41.7917], [-87.60722, 41.79172], [-87.60722, 41.79169], [-87.60713, 41.79174], [-87.60725, 41.7917], [-87.60721, 41.79168], [-87.60721, 41.79164], [-87.60713, 41.79164], [-87.60709, 41.7916], [-87.60685, 41.79165], [-87.60683, 41.79163], [-87.60694, 41.79163], [-87.60686, 41.79165], [-87.60706, 41.79165], [-87.60715, 41.79168], [-87.60719, 41.7916], [-87.60737, 41.79159], [-87.6074, 41.79163], [-87.60733, 41.79198], [-87.60734, 41.792], [-87.60744, 41.792], [-87.60747, 41.79206], [-87.60734, 41.79209], [-87.60733, 41.79214], [-87.6072, 41.79226], [-87.60686, 41.79226], [-87.60675, 41.79222], [-87.60667, 41.79176], [-87.60655, 41.7917], [-87.6065, 41.7916], [-87.60649, 41.79146], [-87.60645, 41.79141], [-87.60638, 41.79138], [-87.60622, 41.79139], [-87.60619, 41.79134], [-87.60607, 41.7913], [-87.60589, 41.79138], [-87.60564, 41.79136], [-87.60547, 41.79129], [-87.60539, 41.79119], [-87.6054, 41.79122], [-87.6053, 41.79127], [-87.60528, 41.79134], [-87.60507, 41.79137], [-87.60504, 41.79145], [-87.60503, 41.79142], [-87.60497, 41.79139], [-87.60475, 41.79138], [-87.60438, 41.79141], [-87.60424, 41.79138], [-87.60405, 41.79141], [-87.60391, 41.79126], [-87.60399, 41.7913], [-87.60402, 41.79136], [-87.60418, 41.79129], [-87.60416, 41.79127], [-87.60422, 41.79122], [-87.60427, 41.79123], [-87.60425, 41.7912], [-87.60426, 41.79123], [-87.60428, 41.79123], [-87.60425, 41.79121], [-87.60431, 41.79124], [-87.60407, 41.79125], [-87.60396, 41.79131], [-87.60382, 41.79127], [-87.60367, 41.79128], [-87.60357, 41.79131], [-87.60356, 41.79154], [-87.60358, 41.79153], [-87.60355, 41.79151], [-87.60357, 41.79145], [-87.60319, 41.79145], [-87.60309, 41.79151], [-87.603, 41.79151], [-87.60287, 41.79145], [-87.60257, 41.79144], [-87.6025, 41.79138], [-87.60202, 41.79144], [-87.60152, 41.79145], [-87.60115, 41.79149], [-87.60118, 41.79136], [-87.60113, 41.79132], [-87.60075, 41.79131], [-87.60036, 41.79135], [-87.60033, 41.79131], [-87.60032, 41.79107], [-87.60037, 41.79102], [-87.60048, 41.79101], [-87.60048, 41.79094], [-87.60053, 41.79088], [-87.60043, 41.79084], [-87.6005, 41.79089], [-87.60039, 41.79091], [-87.60044, 41.79084], [-87.60044, 41.79076], [-87.60038, 41.79065], [-87.60034, 41.79063], [-87.60005, 41.79059], [-87.59967, 41.7906], [-87.59967, 41.79007], [-87.5996, 41.79001], [-87.59964, 41.78986], [-87.59957, 41.78979], [-87.59944, 41.78973], [-87.59936, 41.78961], [-87.59914, 41.78959], [-87.59913, 41.78956], [-87.59892, 41.78959], [-87.5983, 41.78958], [-87.59827, 41.78959], [-87.59825, 41.78964], [-87.59818, 41.7896], [-87.59816, 41.78957], [-87.59819, 41.78955], [-87.59806, 41.78961], [-87.59791, 41.78959], [-87.59781, 41.78956], [-87.59776, 41.78951], [-87.59777, 41.78946], [-87.59773, 41.78942], [-87.59776, 41.78931], [-87.59767, 41.78933], [-87.59767, 41.78936], [-87.59762, 41.78938], [-87.59765, 41.78943], [-87.59755, 41.78944], [-87.59761, 41.78941], [-87.59751, 41.7894], [-87.59751, 41.78935], [-87.59753, 41.78938], [-87.59747, 41.78939], [-87.5975, 41.78943], [-87.59739, 41.78944], [-87.59747, 41.78941], [-87.59744, 41.78945], [-87.59745, 41.78943], [-87.59731, 41.78939], [-87.59738, 41.78939], [-87.59739, 41.78935], [-87.59735, 41.78939], [-87.59729, 41.78939], [-87.59735, 41.78942], [-87.59729, 41.78943], [-87.59732, 41.78936], [-87.59734, 41.7894], [-87.5973, 41.78941], [-87.59729, 41.78947], [-87.59724, 41.78945], [-87.59724, 41.78943], [-87.59708, 41.78943], [-87.59715, 41.7894], [-87.5973, 41.78942], [-87.59737, 41.78935], [-87.59733, 41.78932], [-87.59735, 41.78934], [-87.59736, 41.78928], [-87.59733, 41.78929], [-87.5974, 41.7893], [-87.59715, 41.78928], [-87.59728, 41.78922], [-87.59724, 41.78915], [-87.59717, 41.78922], [-87.59721, 41.78918], [-87.59717, 41.78917], [-87.59717, 41.78911], [-87.5972, 41.7891], [-87.59725, 41.7891], [-87.59726, 41.78923], [-87.59733, 41.78926], [-87.59724, 41.78917], [-87.59722, 41.78919], [-87.59722, 41.78906], [-87.59724, 41.78901], [-87.59721, 41.78901], [-87.59727, 41.78898], [-87.59724, 41.78895], [-87.59722, 41.78898], [-87.5972, 41.78893], [-87.59717, 41.78892], [-87.59717, 41.78888], [-87.59729, 41.78892], [-87.5973, 41.789], [-87.59725, 41.78913], [-87.59722, 41.78912], [-87.59727, 41.78912], [-87.59732, 41.78899], [-87.59738, 41.78902], [-87.5973, 41.78901], [-87.59734, 41.78908], [-87.59744, 41.78914], [-87.59754, 41.78909], [-87.59771, 41.78913], [-87.59778, 41.78909], [-87.59784, 41.78911], [-87.59785, 41.78909], [-87.59781, 41.78906], [-87.59779, 41.78909], [-87.59779, 41.78905], [-87.59782, 41.78904], [-87.59786, 41.78909], [-87.59772, 41.78914], [-87.59779, 41.7892], [-87.59778, 41.78924], [-87.59772, 41.78928], [-87.59784, 41.78934], [-87.5978, 41.78936], [-87.59785, 41.78936], [-87.5978, 41.78938], [-87.59782, 41.78944], [-87.59777, 41.78948], [-87.59775, 41.78945], [-87.59778, 41.78949], [-87.59776, 41.78951], [-87.59781, 41.78941], [-87.5979, 41.78936], [-87.59791, 41.78926], [-87.59795, 41.7892], [-87.59795, 41.78937], [-87.5979, 41.78945], [-87.59792, 41.78948], [-87.59784, 41.78949], [-87.59783, 41.78957], [-87.59774, 41.78959], [-87.59775, 41.78956], [-87.59756, 41.78958], [-87.5973, 41.78958], [-87.59721, 41.78956], [-87.59686, 41.78957], [-87.59659, 41.78962], [-87.59653, 41.7896], [-87.59631, 41.78969], [-87.59631, 41.79036], [-87.59631, 41.79042], [-87.59636, 41.79045], [-87.59636, 41.79059], [-87.59631, 41.79062], [-87.59636, 41.79077], [-87.59634, 41.79083], [-87.59631, 41.79085], [-87.59629, 41.7908], [-87.59617, 41.79077], [-87.59621, 41.79075], [-87.59634, 41.7908], [-87.59629, 41.79085], [-87.59636, 41.79112], [-87.59635, 41.79138], [-87.59655, 41.79137], [-87.59654, 41.79134], [-87.59666, 41.79138], [-87.59702, 41.79134], [-87.5972, 41.79138], [-87.5972, 41.79141], [-87.59724, 41.79138], [-87.59761, 41.79136], [-87.59818, 41.79139], [-87.5982, 41.79147], [-87.59815, 41.79168], [-87.5982, 41.79198], [-87.59815, 41.79211], [-87.59819, 41.79237], [-87.5992, 41.79235], [-87.59921, 41.79244], [-87.59914, 41.7926], [-87.59916, 41.79264], [-87.59924, 41.79263], [-87.59944, 41.79271], [-87.59962, 41.79284], [-87.59963, 41.79291], [-87.5999, 41.79289], [-87.59914, 41.79288], [-87.59912, 41.79307], [-87.59906, 41.79308], [-87.59907, 41.79313], [-87.59919, 41.79319], [-87.59933, 41.79316], [-87.59962, 41.79319], [-87.59961, 41.79352], [-87.59965, 41.79377], [-87.59962, 41.79384], [-87.59971, 41.79387], [-87.60001, 41.79386], [-87.6001, 41.79383], [-87.6001, 41.79377], [-87.60019, 41.79392], [-87.60025, 41.79382], [-87.6001, 41.7938], [-87.60005, 41.79384], [-87.59994, 41.79384], [-87.59998, 41.79398], [-87.59994, 41.79389], [-87.59988, 41.79392], [-87.5999, 41.79415], [-87.59993, 41.79418], [-87.60138, 41.79416], [-87.60149, 41.79421], [-87.60149, 41.79435], [-87.60139, 41.79442], [-87.60143, 41.79462], [-87.6014, 41.79469], [-87.60143, 41.79478], [-87.60157, 41.79488], [-87.60136, 41.79495], [-87.60135, 41.79501], [-87.60138, 41.79505], [-87.60155, 41.79509], [-87.60221, 41.79512], [-87.60224, 41.79515], [-87.60259, 41.7951], [-87.60289, 41.79512], [-87.6029, 41.79515], [-87.60358, 41.79511], [-87.60386, 41.79511], [-87.60391, 41.79514], [-87.60432, 41.79506], [-87.60442, 41.79511], [-87.60482, 41.79509], [-87.60497, 41.79512], [-87.60497, 41.79508], [-87.60524, 41.79511], [-87.60567, 41.79507], [-87.60612, 41.79507], [-87.60609, 41.79501], [-87.60612, 41.79489], [-87.60608, 41.79484], [-87.60611, 41.79475], [-87.60611, 41.79398], [-87.60614, 41.79396], [-87.60608, 41.79376], [-87.60606, 41.79324], [-87.60601, 41.79322], [-87.60561, 41.79324], [-87.60556, 41.7932], [-87.60544, 41.79325], [-87.60534, 41.79321], [-87.60489, 41.79326], [-87.60463, 41.79323], [-87.60457, 41.79314], [-87.60438, 41.7931], [-87.60416, 41.79314], [-87.60412, 41.7932], [-87.60403, 41.79324], [-87.60394, 41.7932], [-87.60372, 41.79321], [-87.60365, 41.79319], [-87.60349, 41.79323], [-87.60283, 41.79326], [-87.60269, 41.7933], [-87.60241, 41.79326], [-87.60186, 41.79326], [-87.60184, 41.79323], [-87.60147, 41.79326], [-87.60143, 41.79313], [-87.60125, 41.7931], [-87.60121, 41.79305], [-87.60122, 41.79281], [-87.60127, 41.79279], [-87.6013, 41.79273], [-87.60126, 41.79264], [-87.60103, 41.79252], [-87.60107, 41.7925], [-87.60112, 41.79256], [-87.6012, 41.79247], [-87.60125, 41.79237], [-87.60125, 41.79217], [-87.60128, 41.79209], [-87.60125, 41.79185], [-87.60107, 41.79161], [-87.60094, 41.79153], [-87.60074, 41.79149], [-87.60063, 41.79156], [-87.60027, 41.79166], [-87.60021, 41.79164], [-87.59989, 41.79182], [-87.59978, 41.79183], [-87.59974, 41.7918], [-87.5997, 41.79147], [-87.59973, 41.79142], [-87.59974, 41.79131], [-87.59966, 41.7911], [-87.59969, 41.79082], [-87.59952, 41.79078], [-87.59953, 41.79075], [-87.59967, 41.79079], [-87.59968, 41.79068], [-87.59976, 41.79061], [-87.59972, 41.79062], [-87.5997, 41.7907], [-87.59972, 41.79065], [-87.59972, 41.79085], [-87.59979, 41.79089], [-87.59985, 41.79028], [-87.59966, 41.78981], [-87.59992, 41.78972], [-87.60002, 41.78959], [-87.60018, 41.7896], [-87.6004, 41.78954], [-87.60077, 41.78918], [-87.60077, 41.78901], [-87.60074, 41.78898], [-87.60093, 41.78898], [-87.60097, 41.78901], [-87.60093, 41.78902], [-87.60082, 41.78898], [-87.60093, 41.78894], [-87.60088, 41.78896], [-87.60087, 41.78899], [-87.60099, 41.78902], [-87.60094, 41.78902], [-87.60096, 41.789], [-87.60108, 41.78899], [-87.60109, 41.78903], [-87.60104, 41.78904], [-87.60104, 41.78901], [-87.60097, 41.7889], [-87.60086, 41.78889], [-87.60087, 41.78887], [-87.60095, 41.78912], [-87.60112, 41.78895], [-87.60104, 41.78895], [-87.60102, 41.78898], [-87.60098, 41.78926], [-87.60103, 41.78931], [-87.60117, 41.78927], [-87.60137, 41.78927], [-87.60149, 41.78922], [-87.60153, 41.78916], [-87.60163, 41.78932], [-87.60162, 41.7895], [-87.60165, 41.78955], [-87.60201, 41.7896], [-87.60214, 41.78986], [-87.60219, 41.78989], [-87.60213, 41.78999], [-87.60214, 41.79017], [-87.60212, 41.79024], [-87.60216, 41.79027], [-87.60214, 41.79044], [-87.60193, 41.79059], [-87.60177, 41.79064], [-87.6015, 41.79058], [-87.60141, 41.7906], [-87.60136, 41.79062], [-87.60138, 41.79073], [-87.60137, 41.79059], [-87.60122, 41.79045], [-87.60121, 41.78991], [-87.60114, 41.78988], [-87.60075, 41.78989], [-87.60078, 41.78967], [-87.60073, 41.78959], [-87.60061, 41.78955], [-87.60001, 41.78956], [-87.59989, 41.78942], [-87.59972, 41.78932], [-87.5997, 41.78922], [-87.59962, 41.78913], [-87.59899, 41.78916], [-87.59814, 41.78915], [-87.59815, 41.78895], [-87.59811, 41.78883], [-87.59813, 41.78874], [-87.59817, 41.78873], [-87.59811, 41.7886], [-87.59811, 41.78832], [-87.59807, 41.78815], [-87.59812, 41.78799], [-87.5981, 41.78781], [-87.59814, 41.78766], [-87.59821, 41.78758], [-87.59856, 41.78768], [-87.5988, 41.78766], [-87.59909, 41.78756], [-87.59958, 41.78755], [-87.59969, 41.78746], [-87.59971, 41.78748], [-87.59963, 41.78756], [-87.59964, 41.78773], [-87.59961, 41.78776], [-87.59962, 41.78781], [-87.59968, 41.78789], [-87.59969, 41.78784], [-87.59975, 41.7878], [-87.59971, 41.78774], [-87.59975, 41.78769], [-87.60025, 41.78773], [-87.60064, 41.78771], [-87.60078, 41.78762], [-87.6009, 41.78759], [-87.60103, 41.78738], [-87.60113, 41.78731], [-87.60135, 41.78728], [-87.60136, 41.78716], [-87.6014, 41.78713], [-87.60253, 41.78712], [-87.60275, 41.78716], [-87.60277, 41.78696], [-87.60273, 41.78673], [-87.60278, 41.78668], [-87.60278, 41.78658], [-87.60274, 41.78652], [-87.60278, 41.78632], [-87.60308, 41.7863], [-87.6034, 41.78641], [-87.60382, 41.78632], [-87.60393, 41.78634], [-87.60436, 41.78631], [-87.60451, 41.78593], [-87.60451, 41.78588], [-87.60442, 41.7858], [-87.60428, 41.78576], [-87.60414, 41.78582], [-87.60387, 41.7858], [-87.60385, 41.78577], [-87.60346, 41.78578], [-87.60344, 41.78576], [-87.60346, 41.78573], [-87.6034, 41.78568], [-87.60344, 41.78545], [-87.60341, 41.78545], [-87.60338, 41.78551], [-87.60348, 41.78566], [-87.6035, 41.78578], [-87.60325, 41.78586], [-87.60295, 41.78582], [-87.60132, 41.78582], [-87.60125, 41.78579], [-87.60084, 41.7858], [-87.60048, 41.78587], [-87.60007, 41.78587], [-87.59996, 41.7858], [-87.59978, 41.78583], [-87.59972, 41.78587], [-87.59933, 41.78585], [-87.59925, 41.78574], [-87.59936, 41.78559], [-87.5994, 41.78542], [-87.59939, 41.7853], [-87.59942, 41.78533], [-87.59949, 41.7853], [-87.59943, 41.78528], [-87.59935, 41.78515], [-87.59936, 41.78531], [-87.59929, 41.78526], [-87.59916, 41.78526], [-87.59876, 41.78532], [-87.59874, 41.78525], [-87.59877, 41.78515], [-87.59875, 41.78529], [-87.59882, 41.78542], [-87.59877, 41.78555], [-87.59877, 41.78564], [-87.59889, 41.78572], [-87.5989, 41.78577], [-87.59888, 41.78586], [-87.5987, 41.78589], [-87.59814, 41.78582], [-87.59789, 41.78586], [-87.59743, 41.7858], [-87.59718, 41.7859], [-87.59698, 41.7859], [-87.59691, 41.78593], [-87.59665, 41.78592], [-87.59661, 41.78587], [-87.59655, 41.78585], [-87.59646, 41.78588], [-87.59638, 41.78586], [-87.5962, 41.78588], [-87.59596, 41.78596], [-87.5959, 41.78593], [-87.59558, 41.78598], [-87.59526, 41.78594], [-87.59532, 41.78599], [-87.59539, 41.78617], [-87.59538, 41.78612], [-87.59524, 41.78602], [-87.59475, 41.78598], [-87.59462, 41.78592], [-87.5944, 41.786], [-87.59398, 41.78598], [-87.59397, 41.78596], [-87.59373, 41.78599], [-87.59361, 41.78616], [-87.59354, 41.78615], [-87.59358, 41.78612], [-87.59352, 41.78602], [-87.59346, 41.78597], [-87.59336, 41.78597], [-87.59266, 41.78602], [-87.59256, 41.78598], [-87.59242, 41.78597], [-87.59184, 41.78603], [-87.59118, 41.78601], [-87.5911, 41.78598], [-87.59018, 41.78603], [-87.58957, 41.786], [-87.58939, 41.78603], [-87.58927, 41.78612], [-87.5891, 41.78609], [-87.58894, 41.7861], [-87.58876, 41.78601], [-87.58839, 41.78606], [-87.58793, 41.78603], [-87.5879, 41.78601], [-87.58762, 41.78606], [-87.58726, 41.78605], [-87.587, 41.78611], [-87.58671, 41.78607], [-87.58658, 41.78612], [-87.58655, 41.78618], [-87.58655, 41.78628], [-87.58652, 41.78628], [-87.58644, 41.78624], [-87.5864, 41.78616], [-87.58637, 41.78591], [-87.58629, 41.78586], [-87.58623, 41.78575], [-87.586, 41.78574], [-87.58584, 41.78581], [-87.58572, 41.7858], [-87.58573, 41.78575], [-87.5857, 41.78578], [-87.58576, 41.78577], [-87.58573, 41.78567], [-87.58589, 41.78564], [-87.58595, 41.78551], [-87.58605, 41.78545], [-87.58597, 41.78535], [-87.58612, 41.7854], [-87.58621, 41.78535], [-87.5862, 41.7853], [-87.58625, 41.78523], [-87.58625, 41.78492], [-87.58617, 41.78479], [-87.58592, 41.78479], [-87.5858, 41.78473], [-87.58591, 41.78464], [-87.5859, 41.78449], [-87.58582, 41.78441], [-87.58553, 41.78433], [-87.58548, 41.78429], [-87.58558, 41.78416], [-87.58556, 41.78399], [-87.58542, 41.7839], [-87.58543, 41.78386], [-87.58533, 41.78374], [-87.58532, 41.78342], [-87.58516, 41.78325], [-87.58502, 41.78316], [-87.58513, 41.78312], [-87.58517, 41.78308], [-87.5851, 41.78295], [-87.58509, 41.78275], [-87.58502, 41.78271], [-87.58481, 41.78274], [-87.58461, 41.78271], [-87.58445, 41.78262], [-87.58443, 41.78246], [-87.58451, 41.78225], [-87.58455, 41.78193], [-87.58452, 41.78166], [-87.58446, 41.7815], [-87.5845, 41.7814], [-87.58445, 41.78132], [-87.58442, 41.78107], [-87.58436, 41.78093], [-87.58438, 41.7809], [-87.58429, 41.7808], [-87.58418, 41.78061], [-87.58407, 41.78022], [-87.58409, 41.78001], [-87.58429, 41.77976], [-87.58445, 41.77938], [-87.58453, 41.77938], [-87.58459, 41.77929], [-87.58461, 41.77914], [-87.58458, 41.77908], [-87.5842, 41.77893], [-87.58423, 41.77889], [-87.58414, 41.77884], [-87.584, 41.7788], [-87.58378, 41.77869], [-87.5836, 41.77867], [-87.58362, 41.77856], [-87.58332, 41.77835], [-87.58276, 41.77824], [-87.58251, 41.77828], [-87.5824, 41.77839], [-87.58212, 41.77855], [-87.58178, 41.77889], [-87.58164, 41.77893], [-87.58154, 41.77885], [-87.58132, 41.77891], [-87.5812, 41.77891], [-87.58109, 41.77897], [-87.58094, 41.77917], [-87.58092, 41.77926], [-87.58073, 41.77933], [-87.58049, 41.77952], [-87.58025, 41.77951], [-87.58007, 41.77944], [-87.57993, 41.77934], [-87.57991, 41.7793], [-87.5799, 41.77935], [-87.57995, 41.77932], [-87.57995, 41.77924], [-87.57983, 41.77895], [-87.57968, 41.77874], [-87.5795, 41.77874], [-87.57935, 41.77868], [-87.57915, 41.7785], [-87.57904, 41.77832], [-87.57909, 41.77823], [-87.57914, 41.77822], [-87.57898, 41.77805], [-87.57871, 41.77743], [-87.57872, 41.77716], [-87.57894, 41.77719], [-87.57894, 41.77707], [-87.57881, 41.77682], [-87.57871, 41.77676], [-87.5787, 41.77671], [-87.57814, 41.77618], [-87.57812, 41.77612], [-87.57791, 41.77605], [-87.57755, 41.77608], [-87.57746, 41.77612], [-87.5775, 41.77625], [-87.57715, 41.77602], [-87.57678, 41.77592], [-87.57668, 41.77593], [-87.57613, 41.77568], [-87.57589, 41.77561], [-87.57567, 41.77559], [-87.57555, 41.77554], [-87.57546, 41.77523], [-87.57548, 41.77517], [-87.57565, 41.77503], [-87.57577, 41.77478], [-87.57581, 41.77478], [-87.57587, 41.77467], [-87.57615, 41.77444], [-87.57628, 41.77425], [-87.57646, 41.77412], [-87.5762, 41.77396], [-87.57623, 41.77391], [-87.57632, 41.77387], [-87.57637, 41.77318]]}}, {"type": "Feature", "properties": {"name": "UIC", "source": "UIC.gpx", "points": 403}, "geometry": {"type": "LineString", "coordinates": [[-87.64234, 41.88131], [-87.64242, 41.88136], [-87.64241, 41.88133], [-87.64239, 41.88137], [-87.64218, 41.88139], [-87.64217, 41.8814], [-87.64219, 41.88141], [-87.64215, 41.88142], [-87.64216, 41.88145], [-87.64208, 41.88146], [-87.6421, 41.88154], [-87.64242, 41.88148], [-87.64252, 41.88142], [-87.64251, 41.88128], [-87.64256, 41.88116], [-87.64257, 41.88103], [-87.64263, 41.88095], [-87.64252, 41.88088], [-87.64254, 41.88071], [-87.64257, 41.88067], [-87.64281, 41.88063], [-87.64296, 41.88064], [-87.64305, 41.88068], [-87.64325, 41.88067], [-87.64353, 41.88062], [-87.64399, 41.8806], [-87.64396, 41.88055], [-87.644, 41.88047], [-87.64399, 41.88001], [-87.64402, 41.87992], [-87.64393, 41.87974], [-87.644, 41.87958], [-87.64397, 41.87934], [-87.6438, 41.8794], [-87.64393, 41.87938], [-87.64397, 41.87927], [-87.64396, 41.87887], [-87.64401, 41.87842], [-87.64389, 41.8779], [-87.64404, 41.87787], [-87.64483, 41.87795], [-87.64519, 41.87793], [-87.64571, 41.87797], [-87.64586, 41.87801], [-87.64612, 41.87788], [-87.64641, 41.87793], [-87.64662, 41.87791], [-87.64665, 41.87793], [-87.64682, 41.87788], [-87.6471, 41.87788], [-87.64712, 41.87789], [-87.64713, 41.87793], [-87.6472, 41.87795], [-87.64757, 41.87788], [-87.64785, 41.87788], [-87.64823, 41.8779], [-87.64831, 41.87795], [-87.64849, 41.87788], [-87.64929, 41.87786], [-87.64941, 41.87789], [-87.64952, 41.87785], [-87.64945, 41.87765], [-87.64948, 41.87734], [-87.64952, 41.87727], [-87.64955, 41.87703], [-87.64959, 41.877], [-87.64957, 41.87694], [-87.64949, 41.87687], [-87.64955, 41.87661], [-87.6496, 41.8766], [-87.64946, 41.87634], [-87.64954, 41.87622], [-87.64954, 41.87612], [-87.6496, 41.87603], [-87.64959, 41.87595], [-87.64955, 41.87587], [-87.64945, 41.87587], [-87.64936, 41.87572], [-87.64946, 41.87568], [-87.64951, 41.8755], [-87.64958, 41.87538], [-87.64954, 41.87532], [-87.64956, 41.87531], [-87.64961, 41.87514], [-87.64957, 41.875], [-87.64984, 41.87447], [-87.64983, 41.87426], [-87.64988, 41.87414], [-87.64988, 41.87396], [-87.64922, 41.87405], [-87.64917, 41.87403], [-87.6492, 41.87398], [-87.64914, 41.87395], [-87.64883, 41.87392], [-87.64864, 41.87397], [-87.64837, 41.87376], [-87.64808, 41.8736], [-87.64775, 41.87366], [-87.64814, 41.87339], [-87.64821, 41.8733], [-87.64844, 41.87314], [-87.64848, 41.87306], [-87.64845, 41.87282], [-87.64848, 41.87276], [-87.64841, 41.8726], [-87.64847, 41.8724], [-87.64843, 41.87226], [-87.64847, 41.87199], [-87.64844, 41.87193], [-87.64843, 41.87158], [-87.64846, 41.87145], [-87.64843, 41.87125], [-87.64839, 41.8712], [-87.64826, 41.87113], [-87.64814, 41.87112], [-87.64802, 41.87101], [-87.64777, 41.87088], [-87.64777, 41.87083], [-87.64771, 41.87079], [-87.64717, 41.87085], [-87.64718, 41.87056], [-87.64715, 41.87039], [-87.64721, 41.87009], [-87.64727, 41.87007], [-87.64729, 41.87002], [-87.64728, 41.86996], [-87.64724, 41.86992], [-87.64681, 41.86982], [-87.64674, 41.86976], [-87.64675, 41.86974], [-87.64549, 41.8698], [-87.64557, 41.86976], [-87.64554, 41.86959], [-87.64545, 41.86954], [-87.6455, 41.86938], [-87.64547, 41.86875], [-87.6455, 41.8687], [-87.64544, 41.86853], [-87.64536, 41.86843], [-87.64539, 41.86831], [-87.64535, 41.86815], [-87.64529, 41.86809], [-87.64532, 41.86761], [-87.64537, 41.86759], [-87.64539, 41.86755], [-87.64525, 41.86709], [-87.64528, 41.86704], [-87.64543, 41.867], [-87.64561, 41.86703], [-87.64567, 41.86702], [-87.64567, 41.867], [-87.64603, 41.86703], [-87.64636, 41.86703], [-87.64645, 41.86699], [-87.64661, 41.86679], [-87.64659, 41.86672], [-87.64673, 41.86667], [-87.64676, 41.86632], [-87.64673, 41.8662], [-87.64682, 41.86593], [-87.64677, 41.8658], [-87.64677, 41.86559], [-87.64681, 41.86546], [-87.64677, 41.86536], [-87.64675, 41.86489], [-87.64676, 41.86482], [-87.64679, 41.86482], [-87.64676, 41.86483], [-87.64675, 41.86478], [-87.6468, 41.8648], [-87.64679, 41.86486], [-87.64686, 41.86489], [-87.64703, 41.8649], [-87.64718, 41.86484], [-87.64763, 41.86484], [-87.64771, 41.86484], [-87.64775, 41.8649], [-87.64783, 41.86493], [-87.64795, 41.86491], [-87.64799, 41.86484], [-87.6481, 41.8648], [-87.64886, 41.86476], [-87.64928, 41.86478], [-87.64939, 41.86475], [-87.64971, 41.86478], [-87.64983, 41.86476], [-87.64978, 41.86489], [-87.64978, 41.86577], [-87.64972, 41.86579], [-87.64942, 41.86606], [-87.6494, 41.86616], [-87.64923, 41.86619], [-87.64883, 41.86619], [-87.64853, 41.86615], [-87.64806, 41.86623], [-87.64802, 41.86617], [-87.64798, 41.86619], [-87.64796, 41.86628], [-87.64803, 41.86645], [-87.648, 41.86663], [-87.64808, 41.86702], [-87.64805, 41.86709], [-87.64812, 41.86723], [-87.64821, 41.86728], [-87.64834, 41.86727], [-87.64837, 41.86723], [-87.64852, 41.86723], [-87.64855, 41.86727], [-87.64852, 41.86756], [-87.64849, 41.86759], [-87.64854, 41.86767], [-87.64853, 41.86788], [-87.64861, 41.86812], [-87.6486, 41.86839], [-87.64866, 41.86844], [-87.64865, 41.86852], [-87.6487, 41.86855], [-87.64862, 41.86865], [-87.64858, 41.86898], [-87.64856, 41.86898], [-87.64864, 41.86903], [-87.64865, 41.86939], [-87.64867, 41.86945], [-87.64875, 41.86948], [-87.64894, 41.86944], [-87.64909, 41.86945], [-87.64906, 41.86948], [-87.6489, 41.86947], [-87.64891, 41.86958], [-87.6487, 41.86946], [-87.64862, 41.86947], [-87.6486, 41.86952], [-87.64865, 41.86957], [-87.64859, 41.86966], [-87.64857, 41.86975], [-87.64847, 41.86972], [-87.64859, 41.86976], [-87.64868, 41.87001], [-87.64866, 41.87006], [-87.64865, 41.87002], [-87.64849, 41.87], [-87.64851, 41.87014], [-87.64864, 41.87026], [-87.64867, 41.87059], [-87.64864, 41.87071], [-87.64869, 41.87083], [-87.64865, 41.871], [-87.64872, 41.87114], [-87.64878, 41.87115], [-87.64874, 41.8712], [-87.64877, 41.8713], [-87.64871, 41.8715], [-87.64876, 41.87154], [-87.64893, 41.87153], [-87.64899, 41.87157], [-87.64938, 41.87149], [-87.64961, 41.87155], [-87.64985, 41.87147], [-87.65002, 41.87148], [-87.65002, 41.87151], [-87.65004, 41.87148], [-87.65, 41.87154], [-87.65005, 41.87163], [-87.65006, 41.87184], [-87.64982, 41.87187], [-87.64966, 41.87186], [-87.64953, 41.87181], [-87.64956, 41.8718], [-87.64951, 41.87204], [-87.64945, 41.87212], [-87.64941, 41.87211], [-87.64952, 41.87214], [-87.64951, 41.87232], [-87.64983, 41.87263], [-87.64983, 41.87269], [-87.64994, 41.87266], [-87.6504, 41.87266], [-87.65042, 41.87271], [-87.65063, 41.8728], [-87.65064, 41.87289], [-87.65079, 41.87307], [-87.65083, 41.87317], [-87.65083, 41.87339], [-87.65079, 41.87341], [-87.65062, 41.8733], [-87.65052, 41.87329], [-87.65024, 41.87379], [-87.6507, 41.8738], [-87.65081, 41.87382], [-87.65084, 41.87387], [-87.65083, 41.87398], [-87.6509, 41.87402], [-87.65125, 41.87398], [-87.65151, 41.87409], [-87.65192, 41.87409], [-87.65198, 41.87424], [-87.65203, 41.87427], [-87.65207, 41.87427], [-87.6521, 41.87421], [-87.65235, 41.87427], [-87.65509, 41.87422], [-87.65535, 41.87423], [-87.65539, 41.87427], [-87.65551, 41.8743], [-87.65576, 41.87422], [-87.65637, 41.8742], [-87.65653, 41.87423], [-87.65669, 41.87417], [-87.65671, 41.87395], [-87.65671, 41.87418], [-87.65666, 41.87419], [-87.65668, 41.8742], [-87.65667, 41.87433], [-87.65663, 41.87436], [-87.65671, 41.87451], [-87.65667, 41.87468], [-87.65681, 41.87546], [-87.65685, 41.87552], [-87.65683, 41.87562], [-87.65686, 41.87579], [-87.65696, 41.87581], [-87.65698, 41.87598], [-87.65688, 41.87612], [-87.6569, 41.8764], [-87.65682, 41.87654], [-87.65674, 41.8766], [-87.65676, 41.87666], [-87.65672, 41.87672], [-87.65693, 41.87719], [-87.65691, 41.87732], [-87.65696, 41.87752], [-87.65693, 41.87757], [-87.65699, 41.87768], [-87.65695, 41.87772], [-87.65678, 41.87776], [-87.6566, 41.87772], [-87.65539, 41.87773], [-87.65529, 41.87771], [-87.65525, 41.87767], [-87.65476, 41.87773], [-87.65462, 41.87778], [-87.65445, 41.87777], [-87.6545, 41.87806], [-87.65448, 41.87818], [-87.65454, 41.87826], [-87.65451, 41.87843], [-87.65452, 41.87904], [-87.6542, 41.87902], [-87.65387, 41.8791], [-87.6532, 41.87904], [-87.65307, 41.87907], [-87.65271, 41.87908], [-87.65257, 41.87913], [-87.65248, 41.87908], [-87.65237, 41.87909], [-87.65218, 41.87914], [-87.65204, 41.87908], [-87.65206, 41.87873], [-87.65209, 41.8787], [-87.65204, 41.87864], [-87.652, 41.87839], [-87.65202, 41.87792], [-87.65206, 41.87783], [-87.65219, 41.87782], [-87.65232, 41.87768], [-87.65226, 41.87757], [-87.6521, 41.87756], [-87.65204, 41.87768], [-87.65202, 41.87797], [-87.6519, 41.87803], [-87.65167, 41.87798], [-87.65081, 41.87797], [-87.65084, 41.87853], [-87.65082, 41.87855], [-87.65086, 41.8789], [-87.6509, 41.87896], [-87.65082, 41.87907], [-87.65071, 41.87909], [-87.65068, 41.87907], [-87.65064, 41.87911], [-87.6507, 41.87946], [-87.65069, 41.87964], [-87.65042, 41.87981], [-87.65035, 41.87983], [-87.65029, 41.87992], [-87.64977, 41.8803], [-87.64975, 41.88039], [-87.64889, 41.88043], [-87.64864, 41.88054], [-87.6486, 41.88061], [-87.64829, 41.88054], [-87.64829, 41.88051], [-87.64815, 41.88047], [-87.64778, 41.88042], [-87.64745, 41.88043], [-87.64742, 41.88056], [-87.64711, 41.88054], [-87.64633, 41.88059], [-87.64579, 41.88058], [-87.64567, 41.88058], [-87.64556, 41.88063], [-87.64524, 41.88057], [-87.64386, 41.88059]]}}, {"type": "Feature", "properties": {"name": "United Center", "source": "United_Center.gpx", "points": 243}, "geometry": {"type": "LineString", "coordinates": [[-87.64231, 41.88161], [-87.6425, 41.8816], [-87.64244, 41.88153], [-87.64251, 41.88151], [-87.64245, 41.88156], [-87.64248, 41.88161], [-87.6424, 41.88163], [-87.64243, 41.88168], [-87.6427, 41.88172], [-87.64275, 41.8817], [-87.64326, 41.88172], [-87.64337, 41.88168], [-87.64352, 41.88173], [-87.64375, 41.88174], [-87.64418, 41.88169], [-87.64462, 41.88172], [-87.64473, 41.88176], [-87.6451, 41.88173], [-87.64592, 41.88173], [-87.64618, 41.88168], [-87.64632, 41.88171], [-87.64729, 41.88166], [-87.64744, 41.88169], [-87.648, 41.88163], [-87.64835, 41.88173], [-87.6492, 41.88162], [-87.64947, 41.88165], [-87.65043, 41.88161], [-87.65084, 41.88162], [-87.65091, 41.88166], [-87.65111, 41.88161], [-87.65131, 41.88164], [-87.65374, 41.88157], [-87.65416, 41.88159], [-87.65461, 41.88157], [-87.65482, 41.88161], [-87.65587, 41.88155], [-87.65727, 41.88156], [-87.65757, 41.88152], [-87.65804, 41.88155], [-87.65845, 41.8815], [-87.65884, 41.88151], [-87.65899, 41.88147], [-87.65921, 41.88151], [-87.65975, 41.88146], [-87.66155, 41.88148], [-87.66205, 41.88145], [-87.66231, 41.88149], [-87.66255, 41.88145], [-87.66268, 41.8814], [-87.66296, 41.88141], [-87.66311, 41.88147], [-87.66328, 41.88142], [-87.66355, 41.88141], [-87.66418, 41.88141], [-87.66453, 41.88139], [-87.66462, 41.88143], [-87.66549, 41.88137], [-87.66572, 41.88142], [-87.66592, 41.88137], [-87.66639, 41.88139], [-87.66691, 41.88135], [-87.66716, 41.88139], [-87.66793, 41.88137], [-87.6682, 41.88133], [-87.66855, 41.88135], [-87.66942, 41.88131], [-87.66972, 41.88135], [-87.67065, 41.88132], [-87.67067, 41.88136], [-87.67137, 41.88134], [-87.67165, 41.88129], [-87.67168, 41.88126], [-87.67165, 41.8811], [-87.67172, 41.881], [-87.67169, 41.88078], [-87.67172, 41.88075], [-87.67168, 41.88073], [-87.67166, 41.88065], [-87.67169, 41.8805], [-87.67167, 41.88014], [-87.67201, 41.88014], [-87.67216, 41.8801], [-87.67275, 41.88012], [-87.67279, 41.88015], [-87.67308, 41.88009], [-87.67236, 41.88009], [-87.67223, 41.88004], [-87.67198, 41.88007], [-87.67184, 41.88002], [-87.67184, 41.87998], [-87.67169, 41.87999], [-87.67163, 41.87994], [-87.67165, 41.87979], [-87.67163, 41.87875], [-87.67159, 41.87866], [-87.67162, 41.87864], [-87.67158, 41.87838], [-87.67161, 41.87812], [-87.6716, 41.87765], [-87.67163, 41.87761], [-87.67161, 41.8775], [-87.67163, 41.87742], [-87.67158, 41.87731], [-87.67155, 41.87704], [-87.67147, 41.87706], [-87.67134, 41.8772], [-87.67094, 41.87754], [-87.67094, 41.8775], [-87.6709, 41.87751], [-87.67097, 41.87748], [-87.67069, 41.87744], [-87.67062, 41.87749], [-87.67043, 41.8775], [-87.66902, 41.87751], [-87.66852, 41.87747], [-87.66828, 41.8775], [-87.66819, 41.87746], [-87.66714, 41.87751], [-87.66713, 41.87747], [-87.66703, 41.87747], [-87.66651, 41.87758], [-87.6659, 41.87755], [-87.66488, 41.87759], [-87.66484, 41.87756], [-87.66434, 41.87763], [-87.66412, 41.87759], [-87.66378, 41.87761], [-87.66296, 41.87757], [-87.6629, 41.8776], [-87.66287, 41.87774], [-87.66267, 41.87781], [-87.66175, 41.87779], [-87.66052, 41.87781], [-87.66046, 41.87778], [-87.6604, 41.87781], [-87.6602, 41.87784], [-87.65954, 41.87783], [-87.6595, 41.8778], [-87.65932, 41.87785], [-87.65875, 41.87783], [-87.65872, 41.87777], [-87.65858, 41.87777], [-87.65848, 41.87777], [-87.65834, 41.87785], [-87.65711, 41.87787], [-87.6571, 41.8777], [-87.65627, 41.87774], [-87.65592, 41.87771], [-87.65537, 41.87776], [-87.65532, 41.87772], [-87.65513, 41.87776], [-87.65498, 41.87772], [-87.65488, 41.87774], [-87.65486, 41.87772], [-87.65489, 41.87769], [-87.65496, 41.87768], [-87.65491, 41.8777], [-87.65487, 41.87765], [-87.65485, 41.87758], [-87.65488, 41.87742], [-87.65478, 41.87724], [-87.65524, 41.87715], [-87.6553, 41.87721], [-87.65536, 41.87721], [-87.65566, 41.87712], [-87.65571, 41.8772], [-87.65578, 41.87723], [-87.65587, 41.87725], [-87.65596, 41.8772], [-87.65594, 41.87714], [-87.65585, 41.87714], [-87.6558, 41.87737], [-87.65569, 41.87738], [-87.65568, 41.87731], [-87.65478, 41.87774], [-87.65485, 41.87783], [-87.65484, 41.87793], [-87.65464, 41.87805], [-87.6547, 41.87825], [-87.65469, 41.87843], [-87.65472, 41.87857], [-87.65474, 41.87902], [-87.65472, 41.87999], [-87.65479, 41.88018], [-87.65471, 41.88046], [-87.65452, 41.88046], [-87.65457, 41.88057], [-87.65463, 41.88152], [-87.65459, 41.88157], [-87.65448, 41.88159], [-87.65453, 41.8817], [-87.65446, 41.88187], [-87.65452, 41.88202], [-87.65445, 41.88209], [-87.65449, 41.88255], [-87.65443, 41.88294], [-87.65363, 41.88296], [-87.65339, 41.88305], [-87.65327, 41.88315], [-87.65282, 41.88313], [-87.65258, 41.88307], [-87.65209, 41.88308], [-87.65189, 41.88302], [-87.65164, 41.88299], [-87.65145, 41.88302], [-87.65123, 41.883], [-87.65105, 41.88311], [-87.65053, 41.88303], [-87.64983, 41.88303], [-87.64967, 41.88306], [-87.64943, 41.88302], [-87.64851, 41.88303], [-87.64827, 41.88309], [-87.64811, 41.88306], [-87.64754, 41.88306], [-87.64751, 41.88311], [-87.6475, 41.88306], [-87.64728, 41.88308], [-87.6467, 41.88305], [-87.64646, 41.88306], [-87.64641, 41.88309], [-87.64602, 41.88307], [-87.64537, 41.8831], [-87.64473, 41.88305], [-87.6446, 41.88308], [-87.64365, 41.88306], [-87.64291, 41.8831], [-87.64207, 41.88306], [-87.64129, 41.88311], [-87.64134, 41.88309], [-87.64129, 41.88299], [-87.64105, 41.88304], [-87.64075, 41.88302], [-87.63995, 41.88311], [-87.63987, 41.88303], [-87.63986, 41.88284], [-87.6398, 41.88272], [-87.63973, 41.88224], [-87.63979, 41.88211], [-87.63977, 41.8819], [-87.63984, 41.88184], [-87.63995, 41.88184]]}}, {"type": "Feature", "properties": {"name": "World Cup Watch Party + Escaping the Rain", "source": "World_Cup_Watch_Party_Escaping_the_Rain.gpx", "points": 694}, "geometry": {"type": "LineString", "coordinates": [[-87.64214, 41.8814], [-87.64218, 41.88141], [-87.64217, 41.88147], [-87.64197, 41.88151], [-87.64199, 41.88156], [-87.64195, 41.88159], [-87.64197, 41.88168], [-87.64192, 41.88173], [-87.64193, 41.88177], [-87.64211, 41.88177], [-87.64222, 41.88173], [-87.64265, 41.88174], [-87.6426, 41.88175], [-87.64253, 41.88193], [-87.64254, 41.8821], [-87.64223, 41.88216], [-87.64226, 41.88225], [-87.64216, 41.88226], [-87.64214, 41.88235], [-87.64214, 41.88251], [-87.64223, 41.88277], [-87.64222, 41.88285], [-87.64245, 41.88298], [-87.64258, 41.88301], [-87.64267, 41.88309], [-87.64257, 41.88323], [-87.64262, 41.88335], [-87.6426, 41.88344], [-87.64266, 41.88405], [-87.64266, 41.88437], [-87.64263, 41.88439], [-87.64264, 41.88434], [-87.64272, 41.88439], [-87.64286, 41.88433], [-87.64312, 41.88435], [-87.64384, 41.88434], [-87.64417, 41.88441], [-87.64422, 41.88433], [-87.6444, 41.88429], [-87.64434, 41.88427], [-87.64441, 41.88424], [-87.64516, 41.88425], [-87.6452, 41.88428], [-87.64522, 41.88437], [-87.64539, 41.88439], [-87.64552, 41.88434], [-87.64562, 41.88437], [-87.64581, 41.88437], [-87.64619, 41.88433], [-87.64671, 41.88439], [-87.64692, 41.88436], [-87.64692, 41.88431], [-87.64688, 41.88426], [-87.64702, 41.88424], [-87.64705, 41.88428], [-87.64724, 41.88425], [-87.64733, 41.88428], [-87.64735, 41.88456], [-87.64741, 41.88463], [-87.6475, 41.88463], [-87.64767, 41.88457], [-87.64848, 41.88457], [-87.64853, 41.88461], [-87.64858, 41.88476], [-87.64854, 41.88504], [-87.6485, 41.88513], [-87.64853, 41.88525], [-87.64847, 41.88529], [-87.64856, 41.88548], [-87.64849, 41.88564], [-87.64837, 41.88573], [-87.64838, 41.88578], [-87.64835, 41.88577], [-87.64862, 41.88606], [-87.64861, 41.88618], [-87.64868, 41.88624], [-87.64858, 41.88672], [-87.64854, 41.88675], [-87.64862, 41.88686], [-87.64864, 41.88699], [-87.64862, 41.88715], [-87.64858, 41.88717], [-87.64858, 41.88742], [-87.64856, 41.88743], [-87.64864, 41.88775], [-87.64857, 41.88809], [-87.64861, 41.88802], [-87.64858, 41.88818], [-87.64865, 41.88826], [-87.64865, 41.88832], [-87.64861, 41.88837], [-87.64867, 41.88841], [-87.64865, 41.88864], [-87.64867, 41.88869], [-87.64872, 41.88871], [-87.64874, 41.8888], [-87.64885, 41.88881], [-87.64895, 41.88889], [-87.64924, 41.88889], [-87.64929, 41.88892], [-87.64934, 41.88902], [-87.64941, 41.88904], [-87.64944, 41.88899], [-87.6493, 41.88899], [-87.64879, 41.88886], [-87.64884, 41.88884], [-87.64881, 41.88882], [-87.64885, 41.8888], [-87.64887, 41.88859], [-87.64882, 41.88824], [-87.64886, 41.8881], [-87.64883, 41.8878], [-87.64885, 41.88739], [-87.6487, 41.8873], [-87.64876, 41.8871], [-87.64878, 41.88683], [-87.64875, 41.88682], [-87.64878, 41.88654], [-87.64875, 41.88635], [-87.64876, 41.88608], [-87.64878, 41.88603], [-87.64876, 41.88598], [-87.64877, 41.88569], [-87.64874, 41.88559], [-87.64916, 41.88555], [-87.64977, 41.88557], [-87.64972, 41.8853], [-87.64954, 41.8853], [-87.64951, 41.8852], [-87.64953, 41.88515], [-87.64952, 41.88517], [-87.64955, 41.88517], [-87.64951, 41.8852], [-87.64945, 41.8852], [-87.64943, 41.88529], [-87.64937, 41.88526], [-87.64942, 41.88522], [-87.64939, 41.88518], [-87.64943, 41.8852], [-87.64944, 41.88517], [-87.64946, 41.88522], [-87.64955, 41.88521], [-87.64952, 41.88522], [-87.64951, 41.88531], [-87.64955, 41.88528], [-87.64956, 41.88519], [-87.64954, 41.88522], [-87.64959, 41.88521], [-87.64957, 41.88524], [-87.64958, 41.88521], [-87.64966, 41.88529], [-87.64966, 41.88524], [-87.64943, 41.8852], [-87.64959, 41.88511], [-87.64966, 41.88513], [-87.64966, 41.8851], [-87.64967, 41.88519], [-87.64966, 41.88513], [-87.64963, 41.88514], [-87.64966, 41.88516], [-87.64966, 41.88513], [-87.64966, 41.8852], [-87.64967, 41.88509], [-87.6496, 41.88504], [-87.64962, 41.88506], [-87.64958, 41.88508], [-87.64963, 41.88504], [-87.64961, 41.88502], [-87.64962, 41.88505], [-87.64966, 41.88506], [-87.64963, 41.88504], [-87.64965, 41.88507], [-87.64961, 41.88506], [-87.64964, 41.88508], [-87.6496, 41.88507], [-87.64965, 41.88508], [-87.64969, 41.88502], [-87.64965, 41.88504], [-87.64966, 41.88506], [-87.64968, 41.88502], [-87.64966, 41.88507], [-87.64965, 41.88504], [-87.64967, 41.88515], [-87.6497, 41.88509], [-87.64973, 41.88516], [-87.64975, 41.88506], [-87.64964, 41.88504], [-87.64965, 41.88507], [-87.64965, 41.88499], [-87.64967, 41.88515], [-87.64971, 41.88519], [-87.64971, 41.8851], [-87.64974, 41.88514], [-87.6496, 41.88501], [-87.64965, 41.88498], [-87.64966, 41.88501], [-87.64965, 41.88505], [-87.64962, 41.88503], [-87.64966, 41.8851], [-87.64964, 41.88511], [-87.64965, 41.88521], [-87.64961, 41.88526], [-87.64953, 41.88526], [-87.64949, 41.88523], [-87.64945, 41.88526], [-87.64914, 41.88526], [-87.649, 41.88529], [-87.64902, 41.88534], [-87.649, 41.88535], [-87.64897, 41.88527], [-87.64902, 41.88523], [-87.64898, 41.88523], [-87.649, 41.88512], [-87.64908, 41.8851], [-87.64906, 41.88508], [-87.64912, 41.88503], [-87.6492, 41.88506], [-87.64912, 41.88497], [-87.64908, 41.88496], [-87.64906, 41.88492], [-87.64909, 41.88496], [-87.64914, 41.88493], [-87.64912, 41.88494], [-87.64906, 41.88487], [-87.64916, 41.88493], [-87.64924, 41.88489], [-87.64917, 41.88492], [-87.64914, 41.88499], [-87.6492, 41.88512], [-87.64944, 41.88516], [-87.64947, 41.88517], [-87.64945, 41.88519], [-87.64948, 41.88517], [-87.64946, 41.88522], [-87.6495, 41.88524], [-87.64969, 41.88527], [-87.64971, 41.88523], [-87.64978, 41.88528], [-87.64986, 41.88515], [-87.64992, 41.88512], [-87.64994, 41.88502], [-87.64987, 41.88454], [-87.6499, 41.8845], [-87.64986, 41.88448], [-87.64985, 41.88441], [-87.6499, 41.88434], [-87.64986, 41.88426], [-87.64988, 41.8842], [-87.65024, 41.88419], [-87.65062, 41.88425], [-87.65081, 41.88424], [-87.65194, 41.88413], [-87.65202, 41.88414], [-87.65206, 41.88419], [-87.6521, 41.8842], [-87.65242, 41.88415], [-87.65286, 41.88413], [-87.65324, 41.88413], [-87.65329, 41.88418], [-87.65341, 41.88416], [-87.65354, 41.8841], [-87.65378, 41.88412], [-87.65383, 41.8841], [-87.65389, 41.88402], [-87.65364, 41.88395], [-87.65364, 41.88389], [-87.65355, 41.88392], [-87.65358, 41.88408], [-87.65357, 41.88403], [-87.65353, 41.88403], [-87.6536, 41.88402], [-87.65354, 41.88401], [-87.6536, 41.88402], [-87.65356, 41.88402], [-87.65303, 41.8845], [-87.65297, 41.8845], [-87.65145, 41.88452], [-87.6515, 41.88451], [-87.65146, 41.88443], [-87.65141, 41.8844], [-87.65147, 41.88441], [-87.65147, 41.88423], [-87.65143, 41.88418], [-87.65156, 41.88413], [-87.65155, 41.88411], [-87.65179, 41.88414], [-87.65172, 41.88414], [-87.65167, 41.8841], [-87.65165, 41.88413], [-87.6517, 41.88414], [-87.65158, 41.88414], [-87.65152, 41.88419], [-87.65137, 41.88415], [-87.65102, 41.88416], [-87.65085, 41.88411], [-87.65071, 41.88418], [-87.6505, 41.88419], [-87.64974, 41.88417], [-87.64967, 41.88419], [-87.64966, 41.88416], [-87.64959, 41.88421], [-87.64872, 41.88422], [-87.64863, 41.8842], [-87.64868, 41.88418], [-87.64855, 41.88414], [-87.64834, 41.8842], [-87.64751, 41.88419], [-87.6475, 41.88422], [-87.64753, 41.88422], [-87.64747, 41.88426], [-87.64667, 41.88422], [-87.64634, 41.88436], [-87.64592, 41.88428], [-87.64574, 41.8843], [-87.64554, 41.88428], [-87.6453, 41.88432], [-87.64507, 41.88429], [-87.6449, 41.88433], [-87.6443, 41.88431], [-87.64426, 41.88423], [-87.64414, 41.88421], [-87.64391, 41.88433], [-87.64335, 41.88436], [-87.64306, 41.88432], [-87.64258, 41.88436], [-87.64224, 41.88433], [-87.64223, 41.88437], [-87.64219, 41.88438], [-87.64208, 41.88435], [-87.64125, 41.88436], [-87.64122, 41.88433], [-87.64114, 41.88435], [-87.64095, 41.8843], [-87.64047, 41.8844], [-87.63981, 41.88446], [-87.63974, 41.88445], [-87.63957, 41.88432], [-87.63947, 41.88428], [-87.63945, 41.88433], [-87.63948, 41.88431], [-87.63944, 41.88435], [-87.63881, 41.88441], [-87.63845, 41.88439], [-87.63773, 41.88444], [-87.63725, 41.88442], [-87.63721, 41.88444], [-87.63722, 41.8845], [-87.63719, 41.88452], [-87.63724, 41.88457], [-87.63733, 41.88457], [-87.63717, 41.88468], [-87.63713, 41.88513], [-87.63711, 41.8852], [-87.63705, 41.88522], [-87.63713, 41.88525], [-87.63706, 41.88531], [-87.63706, 41.88536], [-87.63697, 41.88542], [-87.63689, 41.88558], [-87.63697, 41.88582], [-87.6369, 41.88595], [-87.63687, 41.88608], [-87.63692, 41.88611], [-87.6367, 41.88628], [-87.63645, 41.8864], [-87.6363, 41.88643], [-87.6362, 41.88639], [-87.63622, 41.88641], [-87.63629, 41.88621], [-87.63645, 41.88617], [-87.6361, 41.88678], [-87.63608, 41.88684], [-87.63609, 41.88687], [-87.63606, 41.88688], [-87.63618, 41.8869], [-87.6363, 41.88683], [-87.63633, 41.88671], [-87.63637, 41.88674], [-87.63634, 41.88678], [-87.63596, 41.88699], [-87.63584, 41.88699], [-87.63581, 41.88702], [-87.63587, 41.88704], [-87.63572, 41.88703], [-87.63565, 41.88707], [-87.63567, 41.88713], [-87.63562, 41.88716], [-87.63541, 41.88718], [-87.63553, 41.88721], [-87.63545, 41.88713], [-87.63546, 41.88715], [-87.6352, 41.88726], [-87.63518, 41.88716], [-87.63507, 41.88728], [-87.63485, 41.88776], [-87.63506, 41.88713], [-87.63505, 41.88709], [-87.63495, 41.88708], [-87.63424, 41.8871], [-87.63404, 41.88726], [-87.63372, 41.88724], [-87.63368, 41.88717], [-87.63358, 41.88716], [-87.63279, 41.8872], [-87.63276, 41.8873], [-87.63252, 41.8873], [-87.63229, 41.88729], [-87.63221, 41.88715], [-87.63194, 41.88718], [-87.63127, 41.88715], [-87.6312, 41.88717], [-87.63119, 41.88725], [-87.63113, 41.88727], [-87.63079, 41.88722], [-87.63074, 41.88711], [-87.63023, 41.88706], [-87.63001, 41.88711], [-87.63002, 41.88708], [-87.63003, 41.88715], [-87.62977, 41.88716], [-87.62974, 41.88719], [-87.62975, 41.88729], [-87.62972, 41.88731], [-87.62922, 41.88725], [-87.6292, 41.88713], [-87.62879, 41.8871], [-87.62858, 41.88714], [-87.62833, 41.88709], [-87.62819, 41.88712], [-87.62815, 41.88725], [-87.62806, 41.8873], [-87.62803, 41.88738], [-87.62793, 41.88748], [-87.6278, 41.88747], [-87.62753, 41.88728], [-87.62729, 41.88731], [-87.62712, 41.88738], [-87.62682, 41.8876], [-87.62676, 41.88756], [-87.62671, 41.88767], [-87.62658, 41.88783], [-87.62667, 41.88794], [-87.62646, 41.88789], [-87.62618, 41.88808], [-87.62601, 41.88811], [-87.62552, 41.88839], [-87.62509, 41.88854], [-87.6248, 41.88855], [-87.62453, 41.88859], [-87.62356, 41.88843], [-87.62307, 41.88844], [-87.62273, 41.88842], [-87.62268, 41.88839], [-87.62234, 41.8884], [-87.62124, 41.88819], [-87.62116, 41.8882], [-87.62117, 41.88824], [-87.62125, 41.88826], [-87.62123, 41.8883], [-87.62117, 41.88826], [-87.6212, 41.88828], [-87.62032, 41.88824], [-87.62019, 41.8882], [-87.62019, 41.88805], [-87.62023, 41.88793], [-87.62027, 41.88796], [-87.62022, 41.88797], [-87.62023, 41.888], [-87.6203, 41.88803], [-87.62039, 41.88802], [-87.62035, 41.88798], [-87.62037, 41.88796], [-87.62018, 41.88797], [-87.62023, 41.88804], [-87.62033, 41.88808], [-87.62037, 41.88801], [-87.62029, 41.88799], [-87.62025, 41.88795], [-87.62049, 41.88796], [-87.62048, 41.88764], [-87.6205, 41.8876], [-87.62065, 41.88754], [-87.62058, 41.88743], [-87.6206, 41.88722], [-87.62056, 41.88696], [-87.62083, 41.88691], [-87.62102, 41.88694], [-87.62106, 41.88699], [-87.62106, 41.88709], [-87.62103, 41.8871], [-87.62097, 41.88708], [-87.621, 41.88707], [-87.62098, 41.88706], [-87.621, 41.887], [-87.62092, 41.88687], [-87.62093, 41.88681], [-87.62136, 41.88688], [-87.62143, 41.88691], [-87.62158, 41.88688], [-87.62207, 41.8869], [-87.62257, 41.88686], [-87.62258, 41.88688], [-87.62252, 41.8869], [-87.62255, 41.88696], [-87.6225, 41.88696], [-87.62255, 41.88695], [-87.62247, 41.8869], [-87.62246, 41.88681], [-87.62249, 41.88702], [-87.62252, 41.88699], [-87.62247, 41.88685], [-87.62249, 41.88677], [-87.62253, 41.8868], [-87.62254, 41.88687], [-87.62262, 41.88683], [-87.62285, 41.88688], [-87.62304, 41.88682], [-87.62301, 41.88676], [-87.62303, 41.88672], [-87.62326, 41.88681], [-87.62329, 41.88691], [-87.62336, 41.88696], [-87.6236, 41.88685], [-87.62367, 41.88695], [-87.62365, 41.8873], [-87.62383, 41.88716], [-87.62378, 41.88711], [-87.62375, 41.88699], [-87.62353, 41.887], [-87.62353, 41.88693], [-87.62364, 41.88692], [-87.62355, 41.88689], [-87.62335, 41.88688], [-87.62324, 41.88683], [-87.62335, 41.88668], [-87.62353, 41.8866], [-87.62406, 41.88674], [-87.62412, 41.8869], [-87.62435, 41.88691], [-87.62456, 41.88697], [-87.62478, 41.88693], [-87.62502, 41.88679], [-87.62521, 41.8869], [-87.62564, 41.88692], [-87.6256, 41.88691], [-87.62561, 41.88689], [-87.6258, 41.88685], [-87.62602, 41.88685], [-87.62606, 41.88678], [-87.62605, 41.88672], [-87.62618, 41.88672], [-87.62615, 41.88646], [-87.62617, 41.88638], [-87.62615, 41.88641], [-87.62617, 41.88639], [-87.62621, 41.88642], [-87.62614, 41.88624], [-87.62613, 41.88587], [-87.62618, 41.88585], [-87.62603, 41.8858], [-87.6261, 41.88576], [-87.62608, 41.88569], [-87.62613, 41.88561], [-87.62624, 41.88561], [-87.62631, 41.88547], [-87.62641, 41.88548], [-87.62649, 41.88544], [-87.6264, 41.88539], [-87.6264, 41.88516], [-87.62635, 41.88508], [-87.6261, 41.88499], [-87.62618, 41.88485], [-87.62618, 41.8848], [-87.62615, 41.88481], [-87.6262, 41.88485], [-87.62619, 41.88491], [-87.6262, 41.88489], [-87.62622, 41.88468], [-87.62596, 41.88472], [-87.62578, 41.88464], [-87.62572, 41.88456], [-87.62574, 41.88452], [-87.62578, 41.8845], [-87.6258, 41.88455], [-87.62593, 41.88456], [-87.62586, 41.88455], [-87.62578, 41.8845], [-87.62571, 41.88452], [-87.62572, 41.88437], [-87.62561, 41.88417], [-87.62539, 41.88407], [-87.62534, 41.88401], [-87.62541, 41.88394], [-87.62542, 41.88362], [-87.62548, 41.88353], [-87.62541, 41.88332], [-87.62547, 41.88322], [-87.62543, 41.88319], [-87.62553, 41.88319], [-87.62574, 41.88329], [-87.62597, 41.88334], [-87.62657, 41.88312], [-87.62656, 41.88318], [-87.62685, 41.88327], [-87.62734, 41.8833], [-87.62755, 41.88327], [-87.62772, 41.88332], [-87.62777, 41.88314], [-87.6277, 41.88302], [-87.62773, 41.88295], [-87.62794, 41.8829], [-87.62804, 41.88282], [-87.628, 41.88273], [-87.62803, 41.88265], [-87.62792, 41.88257], [-87.62797, 41.8825], [-87.62796, 41.88247], [-87.62802, 41.88243], [-87.62803, 41.88235], [-87.62796, 41.88215], [-87.628, 41.88207], [-87.62794, 41.88205], [-87.62848, 41.88204], [-87.62855, 41.882], [-87.62853, 41.88193], [-87.62852, 41.88196], [-87.6286, 41.88197], [-87.6289, 41.88194], [-87.62891, 41.88199], [-87.62899, 41.88197], [-87.62905, 41.88203], [-87.62914, 41.88205], [-87.62904, 41.88192], [-87.6291, 41.88196], [-87.6289, 41.88193], [-87.62909, 41.88197], [-87.63008, 41.882], [-87.63062, 41.88198], [-87.631, 41.8819], [-87.63178, 41.88188], [-87.6324, 41.88192], [-87.63276, 41.88187], [-87.63275, 41.88189], [-87.63283, 41.88183], [-87.63297, 41.88183], [-87.63304, 41.88185], [-87.63343, 41.88183], [-87.6343, 41.88189], [-87.63581, 41.88188], [-87.63585, 41.8819], [-87.63587, 41.88194], [-87.63614, 41.88193], [-87.63645, 41.88197], [-87.63653, 41.88195], [-87.63661, 41.88201], [-87.63664, 41.882], [-87.63662, 41.88203], [-87.63661, 41.88199], [-87.63693, 41.882], [-87.63696, 41.88196], [-87.63729, 41.88191], [-87.63773, 41.88189], [-87.63835, 41.88193], [-87.64019, 41.88181], [-87.64096, 41.88189], [-87.64123, 41.88181], [-87.64116, 41.88146], [-87.64119, 41.88147], [-87.64099, 41.88163], [-87.64098, 41.8816], [-87.64099, 41.88178], [-87.64094, 41.88181], [-87.64113, 41.882], [-87.64097, 41.88193], [-87.64098, 41.88191], [-87.64127, 41.88197], [-87.64148, 41.88192], [-87.64164, 41.88179], [-87.64179, 41.88176], [-87.64183, 41.88167], [-87.64189, 41.88166], [-87.64192, 41.88158], [-87.64205, 41.8815], [-87.64217, 41.88151], [-87.64212, 41.88148], [-87.64209, 41.8817], [-87.64216, 41.88173], [-87.64234, 41.88172], [-87.6423, 41.88164], [-87.64223, 41.88166], [-87.64231, 41.8813], [-87.64198, 41.88126], [-87.64199, 41.88139], [-87.64203, 41.88135]]}}, {"type": "Feature", "properties": {"name": "Yoyo", "source": "Yoyo.gpx", "points": 254}, "geometry": {"type": "LineString", "coordinates": [[-87.63794, 41.88301], [-87.638, 41.88307], [-87.63796, 41.88311], [-87.63765, 41.88311], [-87.63766, 41.88313], [-87.63756, 41.88314], [-87.63745, 41.8831], [-87.63734, 41.88313], [-87.63703, 41.88311], [-87.63684, 41.88306], [-87.63682, 41.88299], [-87.63687, 41.88291], [-87.63682, 41.88291], [-87.63661, 41.88303], [-87.63642, 41.88326], [-87.63606, 41.88331], [-87.63547, 41.8832], [-87.63534, 41.88324], [-87.63531, 41.88312], [-87.63517, 41.88319], [-87.63514, 41.88313], [-87.63502, 41.88314], [-87.63495, 41.88318], [-87.63487, 41.8833], [-87.63494, 41.88336], [-87.63506, 41.88364], [-87.63515, 41.88374], [-87.63522, 41.88397], [-87.63523, 41.88426], [-87.63533, 41.88454], [-87.63531, 41.88488], [-87.63539, 41.88535], [-87.63537, 41.8856], [-87.6353, 41.88583], [-87.63533, 41.88596], [-87.63536, 41.88654], [-87.6352, 41.88672], [-87.63511, 41.88675], [-87.63409, 41.88674], [-87.63394, 41.88679], [-87.6339, 41.88675], [-87.63339, 41.88674], [-87.63325, 41.88672], [-87.63322, 41.88669], [-87.63257, 41.88674], [-87.6324, 41.88679], [-87.63202, 41.88673], [-87.6315, 41.88673], [-87.63142, 41.88676], [-87.63083, 41.88676], [-87.63059, 41.88679], [-87.63045, 41.88685], [-87.63031, 41.88684], [-87.63026, 41.88678], [-87.63019, 41.88681], [-87.63013, 41.88676], [-87.62986, 41.88676], [-87.62977, 41.88671], [-87.62966, 41.88672], [-87.62958, 41.8868], [-87.62953, 41.88675], [-87.62918, 41.88669], [-87.62848, 41.88672], [-87.62829, 41.88676], [-87.62807, 41.88674], [-87.62789, 41.88669], [-87.62779, 41.88662], [-87.62781, 41.88658], [-87.6278, 41.8863], [-87.62785, 41.88612], [-87.62781, 41.88585], [-87.62776, 41.88582], [-87.62737, 41.88583], [-87.62675, 41.88578], [-87.62641, 41.88581], [-87.62615, 41.88574], [-87.62609, 41.88575], [-87.62611, 41.88572], [-87.62609, 41.88569], [-87.6257, 41.88581], [-87.62466, 41.88578], [-87.62472, 41.88552], [-87.6247, 41.88497], [-87.62472, 41.88482], [-87.62469, 41.88463], [-87.62463, 41.88453], [-87.62465, 41.88448], [-87.62459, 41.88437], [-87.62454, 41.88436], [-87.62454, 41.88426], [-87.62465, 41.88394], [-87.62469, 41.88362], [-87.62475, 41.8836], [-87.62477, 41.88352], [-87.62467, 41.88335], [-87.62463, 41.88335], [-87.62468, 41.88332], [-87.62462, 41.88324], [-87.62465, 41.88303], [-87.62464, 41.88311], [-87.6246, 41.88313], [-87.6244, 41.8831], [-87.62416, 41.88312], [-87.62409, 41.88323], [-87.62401, 41.88325], [-87.62397, 41.88329], [-87.6235, 41.88331], [-87.62346, 41.88334], [-87.6234, 41.88358], [-87.62336, 41.88355], [-87.62331, 41.88329], [-87.62303, 41.88328], [-87.62294, 41.88319], [-87.62294, 41.88302], [-87.62302, 41.88297], [-87.62304, 41.8829], [-87.62302, 41.88279], [-87.62292, 41.88268], [-87.6229, 41.88257], [-87.62293, 41.882], [-87.62288, 41.88193], [-87.62289, 41.88181], [-87.62282, 41.88164], [-87.62282, 41.8812], [-87.62283, 41.88107], [-87.62296, 41.88094], [-87.62376, 41.88091], [-87.62396, 41.88097], [-87.6244, 41.8809], [-87.62454, 41.88092], [-87.62471, 41.88088], [-87.626, 41.88083], [-87.62628, 41.88077], [-87.62652, 41.88082], [-87.62688, 41.88081], [-87.62702, 41.88074], [-87.62766, 41.88078], [-87.62766, 41.88081], [-87.62761, 41.88081], [-87.62767, 41.88087], [-87.6278, 41.88079], [-87.62797, 41.88077], [-87.62879, 41.88076], [-87.62932, 41.88072], [-87.62932, 41.88065], [-87.62926, 41.88061], [-87.6293, 41.88052], [-87.62926, 41.88024], [-87.62934, 41.88019], [-87.62937, 41.88012], [-87.62931, 41.88], [-87.62932, 41.87976], [-87.62936, 41.87963], [-87.62932, 41.87949], [-87.62932, 41.87937], [-87.62947, 41.87942], [-87.62956, 41.87938], [-87.6297, 41.8794], [-87.62994, 41.87934], [-87.63036, 41.87932], [-87.63073, 41.87936], [-87.63081, 41.87946], [-87.63081, 41.87951], [-87.6308, 41.87938], [-87.63076, 41.87948], [-87.6308, 41.87938], [-87.63103, 41.87931], [-87.63118, 41.87937], [-87.63156, 41.87937], [-87.63175, 41.87947], [-87.63223, 41.8795], [-87.63236, 41.87943], [-87.63247, 41.87949], [-87.6325, 41.87946], [-87.63248, 41.87942], [-87.63229, 41.87923], [-87.63242, 41.87893], [-87.63237, 41.87884], [-87.63242, 41.87872], [-87.63237, 41.87867], [-87.63241, 41.87839], [-87.63239, 41.87826], [-87.63243, 41.87821], [-87.63252, 41.87819], [-87.63307, 41.87818], [-87.63374, 41.87805], [-87.63439, 41.87809], [-87.63463, 41.87816], [-87.63518, 41.87815], [-87.63523, 41.87818], [-87.63513, 41.87818], [-87.63521, 41.87819], [-87.63591, 41.87817], [-87.63606, 41.87806], [-87.63659, 41.87807], [-87.6366, 41.8781], [-87.63678, 41.87801], [-87.63694, 41.87806], [-87.63717, 41.87808], [-87.63739, 41.87806], [-87.63765, 41.87814], [-87.63842, 41.87809], [-87.63843, 41.87814], [-87.63847, 41.87815], [-87.63874, 41.87808], [-87.63888, 41.87807], [-87.63905, 41.87795], [-87.63949, 41.87799], [-87.63958, 41.87805], [-87.63971, 41.87804], [-87.63977, 41.87809], [-87.63977, 41.87814], [-87.63969, 41.87827], [-87.63974, 41.87837], [-87.63975, 41.8787], [-87.63972, 41.87883], [-87.63976, 41.87894], [-87.63972, 41.8793], [-87.63968, 41.87938], [-87.63975, 41.8795], [-87.63981, 41.87973], [-87.63979, 41.87978], [-87.63964, 41.87979], [-87.63953, 41.87992], [-87.63965, 41.88008], [-87.63964, 41.88042], [-87.63967, 41.88056], [-87.64038, 41.88052], [-87.64088, 41.88054], [-87.64101, 41.88061], [-87.64106, 41.88086], [-87.6411, 41.88169], [-87.64117, 41.88176], [-87.64122, 41.88167], [-87.64132, 41.88165], [-87.6414, 41.88167], [-87.64151, 41.88175], [-87.64185, 41.88176], [-87.64191, 41.88171], [-87.6419, 41.88166], [-87.64195, 41.88159], [-87.64202, 41.88153], [-87.64232, 41.88148], [-87.64218, 41.88131], [-87.64212, 41.8813], [-87.64212, 41.88139], [-87.64223, 41.88137], [-87.64215, 41.88128], [-87.64224, 41.8813], [-87.64234, 41.88126], [-87.64226, 41.88126], [-87.64229, 41.8813], [-87.64233, 41.88127], [-87.64231, 41.88128]]}}]}